#include <pch/pch.hpp>
#include <utilities/memory/memory.hpp>
#include <utilities/addresses/addresses.hpp>
#include <core/settings.hpp>
#include <utilities/security/security.hpp>
#include <utilities/steam/steam.hpp>
#include <external/config.hpp>
#include <core/systems/systems.hpp>

#include "../../rendering.hpp"
#include <core/features/changer/skin_preview_bridge.hpp>
#include <core/resources/cat_overlay.hpp>
#include <core/resources/esp_models.hpp>
#include <core/resources/fw_logo_resources.hpp>

namespace rendering {

	namespace detail {

		[[nodiscard]] static std::string to_lower_copy( std::string_view v )
		{
			std::string out( v );
			std::transform( out.begin( ), out.end( ), out.begin( ), [ ]( unsigned char c )
				{
					return static_cast< char >( std::tolower( c ) );
				} );
			return out;
		}

	} // namespace detail

	namespace svgs {

		// ── Official Lucide Icons (https://lucide.dev) ──────────────────────
		constexpr auto logo = R"(<svg width="24" height="24" viewBox="0 0 24 24" fill="none" xmlns="http://www.w3.org/2000/svg"><path d="M12 5c.67 0 1.35.09 2 .26 1.78-2 5.03-2.84 6.42-2.26 1.4.58-.42 7-.42 7 .57 1.07 1 2.24 1 3.44C21 17.9 16.97 21 12 21s-9-3.1-9-7.56c0-1.25.5-2.4 1-3.44 0 0-1.89-6.42-.5-7 1.39-.58 4.72.23 6.5 2.23A9.04 9.04 0 0 1 12 5Z" stroke="white" stroke-width="2" stroke-linecap="round" stroke-linejoin="round"/><path d="M8 14v.5" stroke="white" stroke-width="2" stroke-linecap="round"/><path d="M16 14v.5" stroke="white" stroke-width="2" stroke-linecap="round"/><path d="M11.25 16.25h1.5L12 17l-.75-.75Z" stroke="white" stroke-width="1.5" stroke-linecap="round"/></svg>)";
		constexpr auto search = R"(<svg width="24" height="24" viewBox="0 0 24 24" fill="none" xmlns="http://www.w3.org/2000/svg"><circle cx="11" cy="11" r="8" stroke="white" stroke-width="2"/><line x1="21" y1="21" x2="16.65" y2="16.65" stroke="white" stroke-width="2" stroke-linecap="round"/></svg>)";
		constexpr auto settings = R"(<svg width="24" height="24" viewBox="0 0 24 24" fill="none" xmlns="http://www.w3.org/2000/svg"><path d="M12.22 2h-.44a2 2 0 0 0-2 2v.18a2 2 0 0 1-1 1.73l-.43.25a2 2 0 0 1-2 0l-.15-.08a2 2 0 0 0-2.73.73l-.22.38a2 2 0 0 0 .73 2.73l.15.1a2 2 0 0 1 1 1.72v.51a2 2 0 0 1-1 1.74l-.15.09a2 2 0 0 0-.73 2.73l.22.38a2 2 0 0 0 2.73.73l.15-.08a2 2 0 0 1 2 0l.43.25a2 2 0 0 1 1 1.73V20a2 2 0 0 0 2 2h.44a2 2 0 0 0 2-2v-.18a2 2 0 0 1 1-1.73l.43-.25a2 2 0 0 1 2 0l.15.08a2 2 0 0 0 2.73-.73l.22-.39a2 2 0 0 0-.73-2.73l-.15-.08a2 2 0 0 1-1-1.74v-.5a2 2 0 0 1 1-1.74l.15-.09a2 2 0 0 0 .73-2.73l-.22-.38a2 2 0 0 0-2.73-.73l-.15.08a2 2 0 0 1-2 0l-.43-.25a2 2 0 0 1-1-1.73V4a2 2 0 0 0-2-2z" stroke="white" stroke-width="2" stroke-linecap="round" stroke-linejoin="round"/><circle cx="12" cy="12" r="3" stroke="white" stroke-width="2"/></svg>)";

		// ── Official Lucide Tab Icons ───────────────────────────────────────
		constexpr auto tab_rage   = R"(<svg width="24" height="24" viewBox="0 0 24 24" fill="none" xmlns="http://www.w3.org/2000/svg"><circle cx="12" cy="12" r="10" stroke="white" stroke-width="2"/><line x1="22" y1="12" x2="18" y2="12" stroke="white" stroke-width="2" stroke-linecap="round"/><line x1="6" y1="12" x2="2" y2="12" stroke="white" stroke-width="2" stroke-linecap="round"/><line x1="12" y1="6" x2="12" y2="2" stroke="white" stroke-width="2" stroke-linecap="round"/><line x1="12" y1="22" x2="12" y2="18" stroke="white" stroke-width="2" stroke-linecap="round"/></svg>)";
		constexpr auto tab_legit  = R"(<svg width="24" height="24" viewBox="0 0 24 24" fill="none" xmlns="http://www.w3.org/2000/svg"><circle cx="12" cy="12" r="10" stroke="white" stroke-width="2"/><circle cx="12" cy="12" r="6" stroke="white" stroke-width="2"/><circle cx="12" cy="12" r="2" stroke="white" stroke-width="2"/></svg>)";
		constexpr auto tab_player = R"(<svg width="24" height="24" viewBox="0 0 24 24" fill="none" xmlns="http://www.w3.org/2000/svg"><path d="M2.062 12.348a1 1 0 0 1 0-.696 10.75 10.75 0 0 1 19.876 0 1 1 0 .696 10.75 10.75 0 0 1-19.876 0" stroke="white" stroke-width="2" stroke-linecap="round" stroke-linejoin="round"/><circle cx="12" cy="12" r="3" stroke="white" stroke-width="2"/></svg>)";
		constexpr auto tab_world  = R"(<svg width="24" height="24" viewBox="0 0 24 24" fill="none" xmlns="http://www.w3.org/2000/svg"><circle cx="12" cy="12" r="10" stroke="white" stroke-width="2"/><path d="M12 2a14.5 14.5 0 0 0 0 20 14.5 14.5 0 0 0 0-20" stroke="white" stroke-width="2"/><line x1="2" y1="12" x2="22" y2="12" stroke="white" stroke-width="2"/></svg>)";
		constexpr auto tab_skins  = R"(<svg width="24" height="24" viewBox="0 0 24 24" fill="none" xmlns="http://www.w3.org/2000/svg"><path d="m12 3-1.912 5.813a2 2 0 0 1-1.275 1.275L3 12l5.813 1.912a2 2 0 0 1 1.275 1.275L12 21l1.912-5.813a2 2 0 0 1 1.275-1.275L21 12l-5.813-1.912a2 2 0 0 1-1.275-1.275L12 3Z" stroke="white" stroke-width="2" stroke-linecap="round" stroke-linejoin="round"/><path d="M5 3v4" stroke="white" stroke-width="2" stroke-linecap="round"/><path d="M19 17v4" stroke="white" stroke-width="2" stroke-linecap="round"/><path d="M3 5h4" stroke="white" stroke-width="2" stroke-linecap="round"/><path d="M17 19h4" stroke="white" stroke-width="2" stroke-linecap="round"/></svg>)";
		constexpr auto tab_misc   = R"(<svg width="24" height="24" viewBox="0 0 24 24" fill="none" xmlns="http://www.w3.org/2000/svg"><line x1="4" y1="21" x2="4" y2="14" stroke="white" stroke-width="2" stroke-linecap="round"/><line x1="4" y1="10" x2="4" y2="3" stroke="white" stroke-width="2" stroke-linecap="round"/><line x1="12" y1="21" x2="12" y2="12" stroke="white" stroke-width="2" stroke-linecap="round"/><line x1="12" y1="8" x2="12" y2="3" stroke="white" stroke-width="2" stroke-linecap="round"/><line x1="20" y1="21" x2="20" y2="16" stroke="white" stroke-width="2" stroke-linecap="round"/><line x1="20" y1="12" x2="20" y2="3" stroke="white" stroke-width="2" stroke-linecap="round"/><line x1="2" y1="14" x2="6" y2="14" stroke="white" stroke-width="2" stroke-linecap="round"/><line x1="10" y1="8" x2="14" y2="8" stroke="white" stroke-width="2" stroke-linecap="round"/><line x1="18" y1="16" x2="22" y2="16" stroke="white" stroke-width="2" stroke-linecap="round"/></svg>)";
		constexpr auto tab_config = R"(<svg width="24" height="24" viewBox="0 0 24 24" fill="none" xmlns="http://www.w3.org/2000/svg"><path d="M9 20H4a2 2 0 0 1-2-2V5a2 2 0 0 1 2-2h3.9a2 2 0 0 1 1.69.9l.81 1.2a2 2 0 0 0 1.67.9H20a2 2 0 0 1 2 2v5" stroke="white" stroke-width="2" stroke-linecap="round" stroke-linejoin="round"/><circle cx="13" cy="12" r="2" stroke="white" stroke-width="2"/><path d="M18 19c-2.8 0-5-2.2-5-5v8" stroke="white" stroke-width="2" stroke-linecap="round"/><circle cx="20" cy="19" r="2" stroke="white" stroke-width="2"/></svg>)";

		// ── Official Lucide Dock Icons ──────────────────────────────────────
		constexpr auto dock_main    = R"(<svg width="24" height="24" viewBox="0 0 24 24" fill="none" xmlns="http://www.w3.org/2000/svg"><line x1="21" y1="4" x2="14" y2="4" stroke="white" stroke-width="2" stroke-linecap="round"/><line x1="10" y1="4" x2="3" y2="4" stroke="white" stroke-width="2" stroke-linecap="round"/><line x1="21" y1="12" x2="12" y2="12" stroke="white" stroke-width="2" stroke-linecap="round"/><line x1="8" y1="12" x2="3" y2="12" stroke="white" stroke-width="2" stroke-linecap="round"/><line x1="21" y1="20" x2="16" y2="20" stroke="white" stroke-width="2" stroke-linecap="round"/><line x1="12" y1="20" x2="3" y2="20" stroke="white" stroke-width="2" stroke-linecap="round"/><line x1="14" y1="2" x2="14" y2="6" stroke="white" stroke-width="2" stroke-linecap="round"/><line x1="8" y1="10" x2="8" y2="14" stroke="white" stroke-width="2" stroke-linecap="round"/><line x1="16" y1="18" x2="16" y2="22" stroke="white" stroke-width="2" stroke-linecap="round"/></svg>)";
		constexpr auto dock_lua     = R"(<svg width="24" height="24" viewBox="0 0 24 24" fill="none" xmlns="http://www.w3.org/2000/svg"><path d="m18 16 4-4-4-4" stroke="white" stroke-width="2" stroke-linecap="round" stroke-linejoin="round"/><path d="m6 8-4 4 4 4" stroke="white" stroke-width="2" stroke-linecap="round" stroke-linejoin="round"/><line x1="14.5" y1="4" x2="9.5" y2="20" stroke="white" stroke-width="2" stroke-linecap="round"/></svg>)";
		constexpr auto dock_console = R"(<svg width="24" height="24" viewBox="0 0 24 24" fill="none" xmlns="http://www.w3.org/2000/svg"><polyline points="4 17 10 11 4 5" stroke="white" stroke-width="2" stroke-linecap="round" stroke-linejoin="round"/><line x1="12" y1="19" x2="20" y2="19" stroke="white" stroke-width="2" stroke-linecap="round" stroke-linejoin="round"/></svg>)";
		constexpr auto dock_docs    = R"(<svg width="24" height="24" viewBox="0 0 24 24" fill="none" xmlns="http://www.w3.org/2000/svg"><path d="M2 3h6a4 4 0 0 1 4 4v14a3 3 0 0 0-3-3H2z" stroke="white" stroke-width="2" stroke-linecap="round" stroke-linejoin="round"/><path d="M22 3h-6a4 4 0 0 0-4 4v14a3 3 0 0 1 3-3h7z" stroke="white" stroke-width="2" stroke-linecap="round" stroke-linejoin="round"/></svg>)";
		constexpr auto dock_players = R"(<svg width="24" height="24" viewBox="0 0 24 24" fill="none" xmlns="http://www.w3.org/2000/svg"><path d="M16 21v-2a4 4 0 0 0-4-4H6a4 4 0 0 0-4 4v2" stroke="white" stroke-width="2" stroke-linecap="round" stroke-linejoin="round"/><circle cx="9" cy="7" r="4" stroke="white" stroke-width="2"/><path d="M22 21v-2a4 4 0 0 0-3-3.87" stroke="white" stroke-width="2" stroke-linecap="round" stroke-linejoin="round"/><path d="M16 3.13a4 4 0 0 1 0 7.75" stroke="white" stroke-width="2" stroke-linecap="round" stroke-linejoin="round"/></svg>)";
		constexpr auto dock_save    = R"(<svg width="24" height="24" viewBox="0 0 24 24" fill="none" xmlns="http://www.w3.org/2000/svg"><path d="M15.2 3a2 2 0 0 1 1.4.6l3.8 3.8a2 2 0 0 1 .6 1.4V19a2 2 0 0 1-2 2H5a2 2 0 0 1-2-2V5a2 2 0 0 1 2-2z" stroke="white" stroke-width="2" stroke-linecap="round" stroke-linejoin="round"/><path d="M17 21v-7a1 1 0 0 0-1-1H8a1 1 0 0 0-1 1v7" stroke="white" stroke-width="2" stroke-linecap="round" stroke-linejoin="round"/><path d="M7 3v4a1 1 0 0 0 1 1h7" stroke="white" stroke-width="2" stroke-linecap="round" stroke-linejoin="round"/></svg>)";
		constexpr auto dock_power   = R"(<svg width="24" height="24" viewBox="0 0 24 24" fill="none" xmlns="http://www.w3.org/2000/svg"><path d="M12 2v10" stroke="white" stroke-width="2" stroke-linecap="round"/><path d="M18.4 6.6a9 9 0 1 1-12.77.04" stroke="white" stroke-width="2" stroke-linecap="round"/></svg>)";

		// ── Official Lucide Config & Utility Icons ──────────────────────────
		constexpr auto cfg_folder_black = R"(<svg width="24" height="24" viewBox="0 0 24 24" fill="none" xmlns="http://www.w3.org/2000/svg"><path d="M4 20h16a2 2 0 0 0 2-2V8a2 2 0 0 0-2-2h-7.93a2 2 0 0 1-1.66-.9l-.82-1.2A2 2 0 0 0 7.93 3H4a2 2 0 0 0-2 2v13c0 1.1.9 2 2 2Z" stroke="white" stroke-width="2" stroke-linecap="round" stroke-linejoin="round"/></svg>)";
		constexpr auto cfg_folder_dim   = cfg_folder_black;
		constexpr auto cfg_cloud_black  = R"(<svg width="24" height="24" viewBox="0 0 24 24" fill="none" xmlns="http://www.w3.org/2000/svg"><path d="M17.5 19H9a7 7 0 1 1 6.71-9h1.79a4.5 4.5 0 1 1 0 9Z" stroke="white" stroke-width="2" stroke-linecap="round" stroke-linejoin="round"/></svg>)";
		constexpr auto cfg_cloud_dim    = cfg_cloud_black;
		constexpr auto cfg_plus         = R"(<svg width="24" height="24" viewBox="0 0 24 24" fill="none" xmlns="http://www.w3.org/2000/svg"><path d="M5 12h14" stroke="white" stroke-width="2" stroke-linecap="round"/><path d="M12 5v14" stroke="white" stroke-width="2" stroke-linecap="round"/></svg>)";

		// ── Official Lucide Lua Editor Icons ────────────────────────────────
		constexpr auto lua_icon   = R"(<svg width="24" height="24" viewBox="0 0 24 24" fill="none" xmlns="http://www.w3.org/2000/svg"><path d="M14 2H6a2 2 0 0 0-2 2v16a2 2 0 0 0 2 2h12a2 2 0 0 0 2-2V8z" stroke="white" stroke-width="2" stroke-linecap="round" stroke-linejoin="round"/><polyline points="14 2 14 8 20 8" stroke="white" stroke-width="2" stroke-linecap="round" stroke-linejoin="round"/><polyline points="10 13 8 15 10 17" stroke="white" stroke-width="2" stroke-linecap="round" stroke-linejoin="round"/><polyline points="14 13 16 15 14 17" stroke="white" stroke-width="2" stroke-linecap="round" stroke-linejoin="round"/></svg>)";
		constexpr auto lua_docs   = R"(<svg width="24" height="24" viewBox="0 0 24 24" fill="none" xmlns="http://www.w3.org/2000/svg"><path d="M2 3h6a4 4 0 0 1 4 4v14a3 3 0 0 0-3-3H2z" stroke="white" stroke-width="2" stroke-linecap="round" stroke-linejoin="round"/><path d="M22 3h-6a4 4 0 0 0-4 4v14a3 3 0 0 1 3-3h7z" stroke="white" stroke-width="2" stroke-linecap="round" stroke-linejoin="round"/></svg>)";
		constexpr auto lua_copy   = R"(<svg width="24" height="24" viewBox="0 0 24 24" fill="none" xmlns="http://www.w3.org/2000/svg"><rect width="14" height="14" x="8" y="8" rx="2" ry="2" stroke="white" stroke-width="2" stroke-linecap="round" stroke-linejoin="round"/><path d="M4 16c-1.1 0-2-.9-2-2V4c0-1.1.9-2 2-2h10c1.1 0 2 .9 2 2" stroke="white" stroke-width="2" stroke-linecap="round" stroke-linejoin="round"/></svg>)";
		constexpr auto lua_clear  = R"(<svg width="24" height="24" viewBox="0 0 24 24" fill="none" xmlns="http://www.w3.org/2000/svg"><path d="M3 6h18" stroke="white" stroke-width="2" stroke-linecap="round" stroke-linejoin="round"/><path d="M19 6v14c0 1-1 2-2 2H7c-1 0-2-1-2-2V6" stroke="white" stroke-width="2" stroke-linecap="round" stroke-linejoin="round"/><path d="M8 6V4c0-1 1-2 2-2h4c1 0 2 1 2 2v2" stroke="white" stroke-width="2" stroke-linecap="round" stroke-linejoin="round"/><line x1="10" x2="10" y1="11" y2="17" stroke="white" stroke-width="2" stroke-linecap="round"/><line x1="14" x2="14" y1="11" y2="17" stroke="white" stroke-width="2" stroke-linecap="round"/></svg>)";
		constexpr auto lua_play   = R"(<svg width="24" height="24" viewBox="0 0 24 24" fill="none" xmlns="http://www.w3.org/2000/svg"><polygon points="6 3 20 12 6 21 6 3" stroke="white" stroke-width="2" stroke-linecap="round" stroke-linejoin="round" fill="white" fill-opacity="0.3"/></svg>)";
		constexpr auto lua_reload = R"(<svg width="24" height="24" viewBox="0 0 24 24" fill="none" xmlns="http://www.w3.org/2000/svg"><path d="M21 12a9 9 0 1 1-9-9c2.52 0 4.93 1 6.74 2.74L21 8" stroke="white" stroke-width="2" stroke-linecap="round" stroke-linejoin="round"/><polyline points="21 3 21 8 16 8" stroke="white" stroke-width="2" stroke-linecap="round" stroke-linejoin="round"/></svg>)";
		constexpr auto lua_minus  = R"(<svg width="24" height="24" viewBox="0 0 24 24" fill="none" xmlns="http://www.w3.org/2000/svg"><path d="M5 12h14" stroke="white" stroke-width="2" stroke-linecap="round"/></svg>)";

		constexpr auto intro_splash_logo = R"(<svg xmlns="http://www.w3.org/2000/svg" viewBox="0 0 4421.68 3676.26" width="4421.68" height="3676.26"><path fill="#FFFFFF" d="M38.84,2765.23L1886.62,168.91c160.29-225.22,494.79-225.22,655.08,0l1841.11,2586.94c97.92,137.59-.45,328.33-169.32,328.33h-404.81c-103.92,0-197.3-63.46-235.56-160.09l-547.58-1383.07c-29.67-74.94-102.1-124.17-182.71-124.17h0c-35.51,0-61.24,33.84-51.76,68.05l534.27,1928.03c36.69,132.4-62.89,263.32-200.28,263.32h-363.96c-79.77,0-147.65-58.14-159.9-136.97l-326.6-2314.95c-8.53-54.86-102.84-53.9-113.56.58l-438.38,2320.78c-14.94,75.86-81.45,130.56-158.77,130.56h-363.14c-141.3,0-241.4-137.96-197.57-272.29l616.11-1888.27c14.81-45.4-19.02-92.04-66.78-92.04h-13.3c-77.84,0-148.35,45.95-179.78,117.17l-621.67,1408.75c-41.4,93.82-135.29,153.43-237.81,150.99l-296.71-7.06c-166.58-3.97-260.99-192.52-164.38-328.27Z"/></svg>)";

	} // namespace svgs

	namespace images {

		inline unsigned char user[ 9427 ]
		{
			0x89, 0x50, 0x4E, 0x47, 0x0D, 0x0A, 0x1A, 0x0A, 0x00, 0x00, 0x00, 0x0D,
			0x49, 0x48, 0x44, 0x52, 0x00, 0x00, 0x00, 0x40, 0x00, 0x00, 0x00, 0x40,
			0x08, 0x06, 0x00, 0x00, 0x00, 0xAA, 0x69, 0x71, 0xDE, 0x00, 0x00, 0x20,
			0x00, 0x49, 0x44, 0x41, 0x54, 0x78, 0x5E, 0x95, 0x7B, 0x7B, 0xB0, 0x5C,
			0x77, 0x7D, 0xDF, 0xE7, 0xBC, 0xCF, 0xD9, 0xF7, 0xEE, 0x7D, 0x3F, 0xA4,
			0x7B, 0xAF, 0x64, 0xCB, 0xB2, 0x84, 0x65, 0xD9, 0x80, 0x1B, 0x5E, 0xB1,
			0x0D, 0x43, 0x03, 0x89, 0xE9, 0x98, 0x4C, 0x3B, 0xD3, 0x36, 0x9D, 0x89,
			0x9B, 0xBF, 0xC0, 0x43, 0x06, 0xE8, 0xA4, 0x09, 0xB4, 0x4C, 0x63, 0x1E,
			0x2D, 0x0E, 0x93, 0x74, 0x4C, 0xD2, 0x4C, 0x0A, 0x69, 0xB0, 0x29, 0x84,
			0xDA, 0x10, 0x63, 0x91, 0x31, 0x8D, 0x81, 0xDA, 0xC6, 0x01, 0x0C, 0x18,
			0xB0, 0x15, 0x5B, 0x96, 0x91, 0x6C, 0x59, 0x57, 0xD2, 0x7D, 0xDF, 0xBD,
			0x77, 0xDF, 0x7B, 0xDE, 0xE7, 0x74, 0x3E, 0xDF, 0xDF, 0xAE, 0x12, 0x1A,
			0x3A, 0x69, 0x7F, 0x9A, 0xD5, 0xEE, 0xDD, 0x3D, 0xE7, 0xF7, 0xF8, 0x3E,
			0x3F, 0xDF, 0xC7, 0xD1, 0xF0, 0xFF, 0x30, 0xEE, 0xB8, 0xEB, 0xB7, 0x6E,
			0xCB, 0x92, 0xFC, 0x4E, 0x18, 0xDA, 0xAD, 0x69, 0x9E, 0x2D, 0x5B, 0x86,
			0x59, 0x33, 0x0C, 0x03, 0xB6, 0x6D, 0xE2, 0xC2, 0x85, 0x8B, 0x30, 0x74,
			0x03, 0x5A, 0x66, 0x22, 0x03, 0x90, 0x66, 0x09, 0x34, 0x2D, 0x87, 0xA6,
			0x03, 0x49, 0x12, 0x5F, 0x9D, 0xC3, 0x32, 0x4D, 0x58, 0x96, 0x83, 0x38,
			0xCE, 0x90, 0xE7, 0x19, 0xD2, 0x34, 0x86, 0x6E, 0x68, 0xD0, 0x32, 0x0D,
			0x96, 0x6D, 0xC1, 0xF1, 0x5C, 0x2C, 0x1F, 0x38, 0x80, 0x63, 0xC7, 0xAF,
			0xC1, 0x95, 0x8D, 0x5D, 0x5C, 0xBE, 0x72, 0x05, 0xAE, 0x6B, 0x63, 0xA2,
			0xDA, 0xC0, 0xBB, 0xDE, 0xF1, 0x56, 0x9C, 0x7F, 0xE5, 0x55, 0x3C, 0xF5,
			0xF4, 0x0F, 0xB0, 0xBB, 0xBB, 0x8B, 0xE1, 0x70, 0x28, 0x73, 0x6A, 0x59,
			0x8E, 0x2C, 0x4D, 0xA1, 0xEB, 0x3A, 0x12, 0x7F, 0x00, 0x2D, 0xEC, 0xB5,
			0x35, 0x4D, 0x3B, 0x9D, 0x66, 0xF9, 0xDF, 0xE8, 0x5A, 0x72, 0xEA, 0xF4,
			0x8F, 0xBF, 0xFB, 0xED, 0xD1, 0xF2, 0xFF, 0xD7, 0xA1, 0x5D, 0xFD, 0xF4,
			0x73, 0xC6, 0x5B, 0x7F, 0xF9, 0x37, 0xEE, 0x32, 0xCB, 0xCE, 0xEF, 0xC2,
			0xB0, 0x96, 0x4D, 0xCB, 0x52, 0x0B, 0x25, 0x3C, 0xA0, 0x06, 0x5D, 0x37,
			0x51, 0x2C, 0x78, 0xB8, 0x74, 0x79, 0x55, 0xFE, 0xCE, 0x13, 0x0D, 0x39,
			0x6F, 0xD2, 0x72, 0xA4, 0xA4, 0x44, 0x0E, 0x64, 0x59, 0x86, 0x2C, 0x57,
			0x44, 0x20, 0x01, 0xB2, 0x3C, 0x87, 0x6D, 0xB9, 0x20, 0xF1, 0x82, 0x70,
			0x80, 0x7A, 0xBD, 0x8E, 0xF6, 0x7E, 0x5B, 0xE6, 0xF2, 0x0A, 0x05, 0x94,
			0x4B, 0x25, 0x38, 0x8E, 0x85, 0x24, 0x4B, 0x10, 0x45, 0x09, 0xCA, 0x95,
			0xA2, 0xAC, 0x57, 0x74, 0xCB, 0x88, 0x92, 0x10, 0xED, 0xCE, 0x3E, 0xFA,
			0xBD, 0x3E, 0x82, 0xC0, 0x47, 0x9E, 0x03, 0x79, 0x9C, 0x5E, 0x25, 0x72,
			0x1E, 0xFA, 0x40, 0xD8, 0x17, 0xE2, 0x1A, 0xBA, 0x29, 0xFB, 0xD0, 0x35,
			0x6D, 0xB5, 0x56, 0x9B, 0xBC, 0xE7, 0xDB, 0x8F, 0x3F, 0xFC, 0x79, 0xB9,
			0xE8, 0xE7, 0x8C, 0x9F, 0x4B, 0x80, 0xDB, 0xFE, 0xF9, 0x7B, 0x96, 0xE3,
			0x7E, 0xF0, 0x88, 0x61, 0x18, 0x27, 0xB9, 0x71, 0xC3, 0xB2, 0x60, 0xBA,
			0x36, 0xB2, 0x34, 0x93, 0x43, 0x19, 0x86, 0x09, 0x43, 0xB7, 0x50, 0x2A,
			0x97, 0x70, 0xF9, 0xF2, 0x45, 0xE4, 0x79, 0x8E, 0x3C, 0xD3, 0x40, 0x11,
			0xE0, 0x67, 0xE8, 0xBA, 0x4C, 0x9D, 0xA6, 0xA9, 0x6C, 0x28, 0xCF, 0x32,
			0xE8, 0x5C, 0x49, 0xD7, 0x85, 0x58, 0x8E, 0x6B, 0x0B, 0x85, 0xAA, 0xD5,
			0x8A, 0x70, 0xD4, 0x75, 0x3C, 0x00, 0x26, 0x6C, 0xDB, 0x86, 0xA6, 0x67,
			0xD0, 0x34, 0x1D, 0x79, 0x06, 0x98, 0x16, 0x10, 0xC7, 0x31, 0x6C, 0xDB,
			0x43, 0x9A, 0x66, 0x08, 0xC3, 0x21, 0x7C, 0xDF, 0x47, 0x1C, 0x47, 0x6A,
			0xEE, 0x20, 0x82, 0x1F, 0x86, 0x08, 0xE3, 0x10, 0x55, 0x5D, 0x87, 0x6D,
			0xE5, 0x08, 0xC3, 0x10, 0x1A, 0x74, 0xE4, 0xE0, 0x3C, 0xC0, 0xD4, 0xC2,
			0x32, 0x72, 0xBB, 0xB0, 0x5A, 0xB5, 0xBD, 0xDB, 0x4F, 0x3D, 0x78, 0xDF,
			0xEA, 0xD5, 0x43, 0x8E, 0xC6, 0xDF, 0x23, 0xC0, 0xC9, 0xDB, 0xFE, 0xC5,
			0xAF, 0x5B, 0x86, 0x76, 0x9F, 0x57, 0x2A, 0xD4, 0x38, 0x81, 0x69, 0x98,
			0x80, 0x6D, 0xC2, 0x73, 0x5D, 0x64, 0x79, 0x06, 0x6D, 0x74, 0x0B, 0xDF,
			0xC9, 0xB5, 0xCD, 0xCD, 0x4D, 0xE1, 0x82, 0xA6, 0x19, 0xC8, 0x13, 0xF5,
			0x4B, 0xAE, 0x41, 0x0E, 0x8D, 0x5C, 0x87, 0xAE, 0x6B, 0xC2, 0x79, 0x52,
			0x47, 0xD3, 0x35, 0x98, 0xA6, 0x89, 0xE9, 0xE9, 0x06, 0x7A, 0xBD, 0x0E,
			0xE2, 0x24, 0xC5, 0x44, 0xA3, 0x0E, 0x5E, 0xDA, 0x6E, 0xF7, 0x65, 0x5E,
			0x4A, 0x87, 0x10, 0x34, 0xCF, 0x61, 0x59, 0x06, 0xA2, 0x30, 0x80, 0xA1,
			0xB9, 0x32, 0x2F, 0x0F, 0x17, 0xC5, 0x31, 0x72, 0x4A, 0x5C, 0x1A, 0x23,
			0x0C, 0x03, 0x74, 0xBB, 0x2D, 0xA4, 0x49, 0x88, 0x42, 0x9E, 0xC3, 0x71,
			0x80, 0x3C, 0x4D, 0x60, 0x59, 0xB6, 0xEC, 0x89, 0x73, 0x95, 0x26, 0xE6,
			0x60, 0x14, 0x4B, 0xA8, 0x96, 0x8A, 0x6D, 0xCB, 0xB5, 0xFF, 0xF5, 0xC3,
			0x9F, 0xFD, 0xD4, 0x29, 0x59, 0x68, 0x34, 0x7E, 0x86, 0x00, 0x47, 0x5E,
			0xFB, 0x8F, 0xEF, 0x74, 0x9D, 0xC2, 0x23, 0x5E, 0xA9, 0x08, 0xC7, 0x75,
			0x90, 0xE9, 0x9A, 0x4C, 0x42, 0xF1, 0x77, 0x1C, 0x47, 0x38, 0x23, 0x07,
			0xCA, 0x48, 0x5D, 0x0D, 0xAE, 0xEB, 0xA2, 0xD9, 0x6C, 0x8E, 0xD4, 0xC2,
			0x80, 0x01, 0x1D, 0x51, 0x9C, 0x20, 0xCB, 0xD5, 0xC4, 0x59, 0xAA, 0x09,
			0xE7, 0x93, 0x34, 0x85, 0x69, 0x1B, 0xC2, 0xF5, 0x4A, 0xB5, 0x82, 0x5F,
			0x7E, 0xC7, 0xDB, 0xF0, 0xCC, 0x8F, 0x7F, 0x8C, 0xDD, 0xDD, 0x26, 0xDE,
			0x78, 0xCB, 0xEB, 0xD0, 0xE9, 0x0E, 0x70, 0xFA, 0xF9, 0xB3, 0xF2, 0x3B,
			0x39, 0xAF, 0x76, 0x45, 0x3B, 0xA2, 0x21, 0x89, 0x22, 0x04, 0x7E, 0x88,
			0x1E, 0x45, 0x3F, 0x1C, 0x22, 0xA2, 0xA8, 0xF3, 0x02, 0x12, 0x95, 0x36,
			0x20, 0x4B, 0x90, 0x65, 0x29, 0x6A, 0xAE, 0x03, 0xDB, 0x02, 0x32, 0x2D,
			0x83, 0x8E, 0x0C, 0x49, 0x94, 0xCA, 0xDE, 0x2B, 0xD3, 0x0B, 0xB0, 0xCB,
			0x35, 0x54, 0x0A, 0x1E, 0x92, 0x24, 0xC4, 0x85, 0x17, 0x4F, 0xDF, 0x75,
			0xFE, 0xF9, 0x1F, 0x5C, 0x55, 0x89, 0xAB, 0x04, 0x38, 0x79, 0xF2, 0xB6,
			0xE5, 0x41, 0x96, 0x3D, 0x67, 0x7A, 0xE5, 0x9A, 0xED, 0xB8, 0x28, 0x14,
			0x8B, 0x30, 0x1C, 0x4B, 0x0E, 0x3F, 0x3E, 0x2C, 0x39, 0x65, 0x9A, 0x86,
			0x88, 0x97, 0x65, 0x2A, 0x9B, 0x50, 0x2C, 0x14, 0xE0, 0xB9, 0x1E, 0xCE,
			0xBF, 0xFC, 0x32, 0xB7, 0x8C, 0x38, 0x4A, 0xE5, 0x7A, 0x12, 0x4B, 0xAE,
			0xA7, 0x38, 0x23, 0x47, 0x9A, 0x27, 0xA2, 0x3A, 0xAE, 0xEB, 0xC1, 0xF3,
			0x1C, 0xF4, 0x07, 0x1D, 0x51, 0x0F, 0xCB, 0xF6, 0xA0, 0xC3, 0x40, 0x14,
			0x45, 0xA0, 0xE2, 0x24, 0x71, 0x2A, 0xFB, 0xC9, 0xF5, 0x5C, 0x08, 0x4B,
			0x6D, 0xDA, 0xDC, 0x58, 0x13, 0x89, 0x08, 0xA3, 0x08, 0xD5, 0x52, 0x15,
			0xC3, 0xD6, 0x1E, 0x92, 0x2C, 0x85, 0x67, 0x39, 0x88, 0xC2, 0xA1, 0x88,
			0xBA, 0xE7, 0x9A, 0xD0, 0x40, 0x9B, 0x93, 0x22, 0x4A, 0x22, 0x98, 0x1A,
			0x19, 0x67, 0xC3, 0xAD, 0x34, 0x60, 0x15, 0x6B, 0x70, 0x4D, 0x0D, 0x49,
			0x1C, 0x61, 0xEB, 0xF2, 0xAB, 0xED, 0x74, 0x18, 0xDD, 0xB4, 0xBA, 0x7A,
			0x5A, 0xD4, 0xE1, 0x2A, 0x01, 0x8E, 0x1C, 0x7D, 0xED, 0x45, 0x98, 0xCE,
			0xB2, 0xDB, 0x98, 0x81, 0xAE, 0x1B, 0x28, 0x97, 0xCB, 0xC8, 0x74, 0x5D,
			0x24, 0x21, 0x49, 0x52, 0x94, 0x4A, 0xE5, 0x91, 0xFE, 0x73, 0x9B, 0x14,
			0x4F, 0x45, 0x80, 0x38, 0x8A, 0x61, 0x5B, 0x0E, 0xBA, 0xDD, 0x1E, 0xD2,
			0x3C, 0x45, 0x96, 0x92, 0x2B, 0x39, 0x2C, 0xDB, 0x14, 0xFD, 0xD5, 0x60,
			0x88, 0xED, 0xA0, 0x57, 0xD0, 0xF9, 0x5F, 0x4E, 0xE2, 0x68, 0x88, 0x92,
			0x80, 0x64, 0x81, 0xA5, 0x5B, 0xC2, 0x69, 0x4D, 0x53, 0x36, 0x26, 0x0C,
			0x42, 0xF8, 0x7E, 0x0F, 0xA6, 0x69, 0xC3, 0x2D, 0x14, 0x51, 0x28, 0x78,
			0x58, 0x5D, 0x3D, 0x0F, 0xDD, 0xD4, 0x11, 0xFB, 0x3E, 0x56, 0x0E, 0xDF,
			0x88, 0x4B, 0x17, 0x9F, 0x47, 0x9E, 0x6A, 0x98, 0x99, 0x5E, 0xC2, 0xA5,
			0x57, 0x9E, 0xC5, 0xFC, 0xD2, 0xF5, 0x30, 0xB4, 0x18, 0x83, 0xBD, 0x35,
			0xA4, 0x29, 0x25, 0x30, 0x13, 0x15, 0xA0, 0x64, 0x04, 0x71, 0x8E, 0xFA,
			0xC4, 0x02, 0xEA, 0x93, 0x13, 0xD8, 0x6F, 0xEE, 0x22, 0x8B, 0xFA, 0xE8,
			0x75, 0x3A, 0xA7, 0xD7, 0x57, 0xCF, 0xDC, 0x74, 0x95, 0x00, 0xEF, 0xFA,
			0xD5, 0xDF, 0xB8, 0xEB, 0xE5, 0x73, 0x2F, 0xDE, 0x9F, 0x99, 0x16, 0x6A,
			0xB3, 0x4B, 0xEA, 0x00, 0x86, 0x01, 0xDD, 0xB1, 0xE0, 0x7A, 0x14, 0x9D,
			0x04, 0x9E, 0x57, 0x14, 0x97, 0x63, 0x5A, 0xA6, 0x4C, 0x4C, 0xF1, 0x2A,
			0x16, 0x8B, 0xF0, 0xFD, 0x00, 0xF5, 0xDA, 0x24, 0xFA, 0xFD, 0x3E, 0xFD,
			0x12, 0xFC, 0xA1, 0x2F, 0xEA, 0x50, 0xA9, 0x96, 0xB1, 0xB9, 0xB9, 0x21,
			0x2E, 0x91, 0x84, 0xA3, 0xA5, 0xA7, 0xCB, 0x4B, 0x13, 0x08, 0x01, 0xC8,
			0x4D, 0xCD, 0x00, 0xD2, 0x24, 0x86, 0x69, 0xE8, 0xD0, 0xF4, 0x1C, 0xDD,
			0xEE, 0x10, 0xA5, 0x42, 0x15, 0xD3, 0x53, 0x0B, 0xB0, 0x6D, 0x0B, 0x81,
			0x3F, 0x44, 0x77, 0xB0, 0x87, 0xED, 0x9D, 0x4D, 0x58, 0xB6, 0x81, 0xA8,
			0xDF, 0x13, 0x63, 0x18, 0xC5, 0x3E, 0x97, 0x92, 0x39, 0xC3, 0xE1, 0x10,
			0xA6, 0x6D, 0xC3, 0xA5, 0x8A, 0xC5, 0x7D, 0x38, 0x76, 0x11, 0x9A, 0x6E,
			0xA0, 0xDB, 0x6D, 0x0A, 0x83, 0x5A, 0x9D, 0x96, 0xD8, 0xB1, 0x6B, 0x8E,
			0x1C, 0xC3, 0xD6, 0xF6, 0x3E, 0xE6, 0x66, 0x67, 0xD0, 0xDC, 0x5D, 0x43,
			0x6B, 0x7B, 0xF7, 0xAE, 0xDD, 0xDD, 0xD5, 0xCF, 0x0B, 0x01, 0xDE, 0xF8,
			0xA6, 0x7F, 0x72, 0xB1, 0xD5, 0x6F, 0x2D, 0xC3, 0x76, 0x51, 0x9D, 0x9C,
			0x11, 0xF1, 0xE5, 0xC1, 0xD3, 0x24, 0x81, 0x6D, 0xD9, 0x88, 0xF2, 0x54,
			0x0E, 0xCB, 0xCD, 0xD3, 0x88, 0xE9, 0x59, 0x8A, 0xDC, 0xD4, 0x50, 0xAB,
			0xD5, 0x50, 0x2E, 0x55, 0x11, 0xC7, 0x09, 0xB6, 0xB6, 0xD7, 0x51, 0x2E,
			0x57, 0xD0, 0xEB, 0x0E, 0xC5, 0x9A, 0x0F, 0x86, 0xCA, 0xA8, 0xD1, 0x67,
			0x6B, 0x79, 0x82, 0xC5, 0xB9, 0x05, 0x6C, 0x37, 0x77, 0xE0, 0x07, 0xB4,
			0xD2, 0xB6, 0xD8, 0x89, 0x24, 0x89, 0x60, 0x68, 0xF4, 0x1A, 0x54, 0x67,
			0x7A, 0x0C, 0xA0, 0x58, 0xA8, 0xC0, 0x71, 0x3C, 0x0C, 0x86, 0x5D, 0x24,
			0x49, 0x80, 0x30, 0x4C, 0x50, 0xF0, 0x8A, 0x70, 0x2D, 0x1D, 0xDD, 0xBD,
			0x3D, 0x6C, 0x6D, 0x5C, 0x46, 0xB5, 0x31, 0x83, 0xB9, 0x52, 0x05, 0xE7,
			0x2E, 0x9C, 0x41, 0x66, 0x16, 0x10, 0xC7, 0x43, 0x78, 0x16, 0x5D, 0x73,
			0x06, 0xDB, 0x74, 0xE5, 0xFE, 0x4E, 0x67, 0x4F, 0x3C, 0x45, 0xAF, 0xD7,
			0x13, 0xA6, 0xD5, 0x1B, 0x0D, 0x74, 0x7A, 0x3D, 0xAC, 0x2C, 0x1F, 0x46,
			0xBF, 0xD7, 0xC4, 0xE6, 0xE6, 0xEE, 0x6A, 0x6B, 0xFB, 0xD2, 0x8A, 0x76,
			0xC7, 0x9D, 0x77, 0xDD, 0x36, 0xE8, 0x07, 0x4F, 0x36, 0xDB, 0x4D, 0x24,
			0xD0, 0xE1, 0x94, 0x2A, 0x98, 0x9C, 0x9C, 0x42, 0xA9, 0x54, 0x44, 0xB3,
			0xB9, 0x07, 0xDB, 0xB1, 0x91, 0x1B, 0xBA, 0x18, 0x41, 0x5A, 0x75, 0xEA,
			0x71, 0x4E, 0xEE, 0x39, 0x06, 0x3C, 0xCF, 0x83, 0x65, 0xB9, 0xE8, 0x75,
			0xFB, 0x98, 0x9C, 0xAA, 0xCB, 0xBB, 0x6D, 0xBB, 0x98, 0x9C, 0x98, 0xC0,
			0xC6, 0xF6, 0x26, 0x82, 0xD0, 0x47, 0x30, 0xA4, 0xCF, 0x4E, 0x51, 0xF0,
			0x0A, 0x18, 0xFA, 0x43, 0x51, 0x0B, 0x9E, 0x38, 0x0A, 0x63, 0x44, 0x51,
			0x08, 0xC7, 0xB2, 0x44, 0x42, 0xE2, 0x2C, 0x41, 0xB5, 0x5A, 0x46, 0xA7,
			0xD3, 0x43, 0xC1, 0x75, 0x10, 0x25, 0x09, 0x0C, 0x8A, 0x7D, 0x98, 0x62,
			0x72, 0x6A, 0x1A, 0x7E, 0xBF, 0x8B, 0xBD, 0xCD, 0x4D, 0xEC, 0xEF, 0x6E,
			0x61, 0x72, 0x6E, 0x11, 0x27, 0x0F, 0x2F, 0xE3, 0x3B, 0xDF, 0x79, 0x0A,
			0xB9, 0x55, 0x40, 0x18, 0xF9, 0xB0, 0x8D, 0x1C, 0xFD, 0x7E, 0x1B, 0xAE,
			0xE3, 0x08, 0x30, 0xA3, 0x9D, 0xE2, 0x1C, 0xDD, 0x6E, 0x57, 0xEC, 0x58,
			0xB5, 0x5A, 0xC5, 0xA0, 0xDF, 0x13, 0xC9, 0x0E, 0xC2, 0x48, 0xDC, 0xF8,
			0xE4, 0xE4, 0xD4, 0xED, 0xDA, 0x1F, 0x7F, 0xF6, 0x6B, 0xF7, 0x05, 0x51,
			0xF8, 0xFE, 0x07, 0xBE, 0xF8, 0x39, 0x84, 0x71, 0x04, 0xA7, 0x58, 0x15,
			0x4E, 0x52, 0xC7, 0x69, 0x78, 0xE8, 0xEA, 0x68, 0x70, 0x1C, 0xCB, 0x41,
			0x92, 0xE7, 0x22, 0xFA, 0x5A, 0x92, 0xC2, 0x2D, 0x17, 0xC4, 0x30, 0x1A,
			0xA6, 0x2B, 0xFA, 0x5D, 0x29, 0x15, 0x71, 0xE5, 0xF2, 0x26, 0x0E, 0x1F,
			0x5E, 0x41, 0x1A, 0xA7, 0x08, 0xD3, 0x10, 0x99, 0x96, 0x23, 0xF6, 0x03,
			0xC4, 0x71, 0x88, 0xCB, 0xAB, 0x97, 0x61, 0xDA, 0x96, 0x48, 0x50, 0x10,
			0x84, 0xF2, 0xEE, 0xFB, 0x43, 0xE4, 0x49, 0x8A, 0x28, 0x8E, 0x10, 0x67,
			0x19, 0x56, 0x96, 0x96, 0x64, 0xC3, 0x51, 0x40, 0xDF, 0x1E, 0x89, 0x21,
			0x26, 0x71, 0x28, 0x1A, 0x06, 0x34, 0x74, 0x5A, 0x2D, 0x4C, 0xD4, 0x6A,
			0x98, 0x9C, 0x9D, 0x45, 0x14, 0xC5, 0xD8, 0xDB, 0xDB, 0x41, 0x63, 0x72,
			0x5A, 0x54, 0x6A, 0xD8, 0xEB, 0x61, 0xF5, 0xD5, 0xF3, 0xC8, 0x82, 0x21,
			0x7D, 0x30, 0xC2, 0x70, 0x20, 0xF6, 0x60, 0x30, 0xF0, 0x51, 0xAF, 0x4F,
			0xA2, 0x50, 0xAC, 0xA2, 0x3F, 0x18, 0x0A, 0x06, 0x19, 0x0E, 0xFA, 0xA8,
			0x14, 0x4B, 0x28, 0x95, 0x2A, 0x9F, 0xD6, 0xEE, 0xBD, 0xEF, 0xC1, 0x27,
			0xBB, 0xFD, 0xEE, 0x6D, 0xA7, 0x4E, 0x3D, 0x84, 0x38, 0xCD, 0xE0, 0xD0,
			0x62, 0x16, 0x3C, 0xD8, 0x8E, 0x23, 0xE8, 0x8D, 0xD4, 0xA3, 0x2F, 0xB3,
			0x6D, 0x07, 0x61, 0x10, 0x89, 0x78, 0x53, 0x67, 0x0D, 0xCB, 0x40, 0xBD,
			0x5A, 0xC3, 0x1B, 0x6F, 0xB9, 0x09, 0xF5, 0x72, 0x15, 0x3F, 0x79, 0xF1,
			0xA7, 0x68, 0xED, 0x75, 0x05, 0x98, 0x24, 0x71, 0x8C, 0x0C, 0xB1, 0x7C,
			0x9E, 0xA8, 0xD7, 0xD0, 0x6E, 0xB5, 0xC5, 0x46, 0x88, 0x71, 0x4A, 0x53,
			0x91, 0x02, 0x7A, 0x91, 0x34, 0x89, 0xC4, 0x95, 0x19, 0xBA, 0x0E, 0x53,
			0x33, 0xC5, 0xF0, 0x3A, 0xAE, 0x0B, 0x3F, 0x0C, 0x60, 0xB9, 0xB6, 0x18,
			0xE3, 0x3E, 0xB9, 0x66, 0x5A, 0x62, 0x7F, 0x28, 0xD2, 0x13, 0x13, 0x13,
			0x22, 0x8D, 0x51, 0x18, 0xC2, 0x8F, 0x42, 0x0C, 0x7C, 0x5F, 0x30, 0x09,
			0x99, 0x95, 0x25, 0x09, 0x06, 0xED, 0x36, 0xC2, 0xB0, 0x8B, 0xC9, 0x89,
			0x69, 0x91, 0xC6, 0x6E, 0x7F, 0x28, 0x67, 0x21, 0x3A, 0x1D, 0x0C, 0x06,
			0xD0, 0x0D, 0x1D, 0xA6, 0xAE, 0x23, 0x8B, 0xC4, 0xD8, 0x9E, 0xD6, 0x3E,
			0xF8, 0x91, 0x4F, 0xB7, 0x92, 0x24, 0xA9, 0x3D, 0xFE, 0xAD, 0x47, 0x91,
			0xEB, 0x26, 0x0A, 0xD5, 0x49, 0xE4, 0x5A, 0x0E, 0xC7, 0xB2, 0x95, 0xD8,
			0xEB, 0x3A, 0x0C, 0xD3, 0x80, 0x65, 0x3B, 0x42, 0x75, 0x82, 0x13, 0xAA,
			0x01, 0xF1, 0x40, 0xA5, 0x54, 0xC6, 0xB5, 0x4B, 0x8B, 0x38, 0x38, 0xB7,
			0x80, 0x2C, 0xD3, 0xD0, 0x6A, 0xB5, 0x85, 0x73, 0xE2, 0xBF, 0x73, 0x88,
			0x58, 0x73, 0xD0, 0x88, 0xF2, 0x00, 0x61, 0x18, 0x63, 0x18, 0x10, 0xC9,
			0x25, 0xE2, 0x59, 0xE8, 0xC3, 0xC9, 0x2D, 0x8B, 0x08, 0x90, 0xD0, 0x36,
			0xA7, 0xB1, 0xD4, 0x85, 0x48, 0x74, 0x97, 0x3A, 0xBD, 0x45, 0xAC, 0x88,
			0x1E, 0x04, 0x01, 0x2A, 0xD5, 0xAA, 0x10, 0x4B, 0x33, 0x0C, 0x0C, 0xBA,
			0x3D, 0x98, 0x8E, 0x8D, 0x30, 0x89, 0xC4, 0x75, 0x96, 0x4B, 0x45, 0x05,
			0xD2, 0x08, 0xBF, 0xD3, 0x4C, 0xD4, 0x8D, 0x73, 0x11, 0x94, 0x51, 0x6A,
			0xDB, 0x9D, 0x0E, 0x0A, 0x86, 0x25, 0xA0, 0xAC, 0xD7, 0xEF, 0xA3, 0xD1,
			0x68, 0x20, 0x4C, 0xC2, 0xB6, 0xF6, 0x89, 0x3F, 0xF8, 0x62, 0x4E, 0x11,
			0xFE, 0x8B, 0xAF, 0x7C, 0x11, 0x7E, 0x9C, 0xA2, 0xD2, 0x98, 0x46, 0x9C,
			0xD3, 0x98, 0x98, 0x30, 0x4C, 0x13, 0x05, 0xD7, 0x93, 0x49, 0xE8, 0x53,
			0x05, 0xA2, 0xE6, 0x8A, 0x13, 0x24, 0x4E, 0xA3, 0x52, 0xC5, 0xDB, 0x7F,
			0xF1, 0x76, 0x41, 0x7D, 0xBB, 0xFB, 0x7B, 0xD8, 0xDA, 0xDD, 0x11, 0xBF,
			0x92, 0x26, 0x29, 0x79, 0x82, 0x92, 0x4D, 0x83, 0x44, 0xAF, 0x91, 0xC0,
			0x73, 0x1D, 0x41, 0x7E, 0x3E, 0xED, 0x87, 0xFC, 0xAA, 0xCB, 0x3C, 0x19,
			0x9D, 0x38, 0x63, 0x0B, 0x8B, 0x7E, 0x5C, 0x83, 0x4E, 0x9C, 0x91, 0xE5,
			0xA2, 0x2E, 0x06, 0x17, 0xD6, 0x20, 0x04, 0x10, 0x88, 0xCB, 0x03, 0x25,
			0xA9, 0x80, 0x23, 0x12, 0x15, 0x86, 0xAE, 0xF4, 0xBC, 0xDF, 0x83, 0x67,
			0xDA, 0x8A, 0x60, 0x29, 0x2D, 0x99, 0x86, 0xFD, 0x76, 0x4B, 0x24, 0xD8,
			0xB0, 0x6C, 0x71, 0xDD, 0x9D, 0x76, 0x5B, 0x24, 0x35, 0x45, 0x8E, 0xED,
			0x8D, 0x4D, 0xD4, 0xAA, 0x55, 0x44, 0x44, 0xB0, 0xBF, 0xFF, 0x87, 0x5F,
			0xCE, 0x19, 0x95, 0x3D, 0xF4, 0x95, 0x2F, 0xA0, 0xD5, 0xE9, 0xC1, 0x72,
			0x8B, 0xD0, 0x3D, 0x0F, 0xB6, 0x65, 0x09, 0x01, 0x4A, 0x85, 0x82, 0x6C,
			0xB0, 0x50, 0x28, 0x21, 0x8C, 0xE8, 0x15, 0x0C, 0x71, 0x5D, 0x04, 0x37,
			0x8B, 0xD3, 0x33, 0x78, 0xE7, 0x5B, 0xDF, 0x2E, 0x81, 0x8F, 0x9F, 0xC6,
			0x22, 0x62, 0x9D, 0x76, 0x07, 0xAE, 0x63, 0xA0, 0x68, 0x1B, 0x30, 0x88,
			0xFB, 0x2D, 0x53, 0x22, 0x44, 0xBA, 0x22, 0x9E, 0x47, 0xEC, 0x86, 0x80,
			0x24, 0xE5, 0x32, 0x39, 0x67, 0x10, 0xC7, 0x82, 0x20, 0x83, 0x38, 0x45,
			0x4C, 0xC2, 0x20, 0x17, 0x60, 0xC4, 0x43, 0x52, 0xB4, 0xE9, 0xAA, 0x48,
			0x04, 0xEE, 0x83, 0xC4, 0x26, 0x47, 0x39, 0x87, 0x7C, 0xB6, 0x15, 0x1E,
			0x71, 0x89, 0x98, 0x32, 0x4D, 0xA4, 0x87, 0x51, 0x6A, 0x42, 0xDB, 0x41,
			0xC4, 0x92, 0xA9, 0xA8, 0x74, 0x7D, 0x73, 0x5D, 0x3C, 0x41, 0x14, 0x46,
			0x62, 0x4B, 0x68, 0xE3, 0x08, 0xAB, 0x85, 0x00, 0x96, 0x65, 0xE2, 0x2B,
			0x8F, 0x3C, 0x88, 0xED, 0xDD, 0x5D, 0x78, 0x85, 0x0A, 0xB4, 0x82, 0xAB,
			0x90, 0x94, 0x49, 0xE4, 0xE6, 0x4A, 0x94, 0x57, 0x2C, 0x95, 0xC4, 0x0D,
			0xDA, 0x36, 0x17, 0xA6, 0x14, 0x64, 0x98, 0x6E, 0xD4, 0x71, 0xC7, 0xDB,
			0xDF, 0xA1, 0x16, 0xE1, 0xC2, 0xA6, 0x89, 0x38, 0x0C, 0x11, 0xF8, 0x7D,
			0x74, 0xDA, 0x3B, 0x82, 0x17, 0xE8, 0xEF, 0xD5, 0x20, 0x7C, 0x36, 0x95,
			0x5A, 0x09, 0x4C, 0xCE, 0x91, 0xA4, 0x11, 0xA2, 0x28, 0x80, 0xE3, 0x39,
			0x28, 0x16, 0x4A, 0xF0, 0x68, 0xA8, 0xBA, 0x01, 0x82, 0x90, 0xB1, 0x85,
			0x8A, 0xA9, 0xB2, 0x5C, 0x97, 0xE8, 0x90, 0x78, 0x22, 0xA5, 0xEF, 0x64,
			0x90, 0x25, 0x10, 0x98, 0xF6, 0x24, 0x11, 0x69, 0xA1, 0x6D, 0x21, 0x91,
			0x53, 0xFA, 0x51, 0x4D, 0x79, 0x2C, 0xC7, 0xB4, 0xC4, 0x85, 0x13, 0x4F,
			0x50, 0x6D, 0x88, 0x47, 0x4D, 0xC3, 0x12, 0xF5, 0x13, 0x28, 0x27, 0x73,
			0x01, 0xDA, 0x7D, 0x7F, 0xF2, 0x88, 0x48, 0xC0, 0x57, 0xBF, 0xF6, 0x55,
			0x6C, 0x6C, 0xAE, 0xA3, 0x54, 0xA9, 0xC3, 0x2B, 0x95, 0x10, 0x65, 0x29,
			0xF4, 0x34, 0x83, 0xE5, 0xB9, 0xD0, 0x0D, 0xBA, 0xBC, 0x02, 0x74, 0x8D,
			0x22, 0xA5, 0x21, 0x8D, 0x13, 0x10, 0xD9, 0x97, 0x8B, 0x25, 0xBC, 0xFB,
			0x57, 0xEE, 0x80, 0xA5, 0x99, 0x32, 0x69, 0xBB, 0xD5, 0x42, 0xAB, 0xD5,
			0x42, 0x10, 0x76, 0x11, 0xC7, 0x3E, 0x82, 0x30, 0x84, 0xE5, 0x38, 0x08,
			0x43, 0x5F, 0xB8, 0x99, 0xD2, 0x38, 0xA6, 0x8C, 0xD8, 0x22, 0x84, 0x51,
			0x20, 0x06, 0xCE, 0xF3, 0x5C, 0x31, 0x7E, 0x74, 0x8D, 0x0B, 0xF3, 0x07,
			0x31, 0x33, 0xB5, 0x20, 0x44, 0xEB, 0x74, 0xF7, 0xE4, 0x60, 0x3A, 0x91,
			0xA2, 0x01, 0xE8, 0x06, 0x75, 0x99, 0x87, 0x31, 0x90, 0xA7, 0xE4, 0x2A,
			0x23, 0xD3, 0x5C, 0x38, 0x2D, 0x73, 0xA7, 0x04, 0x67, 0x26, 0x72, 0x83,
			0xEA, 0x64, 0x09, 0x43, 0xD2, 0x8C, 0xB0, 0x38, 0x16, 0xBB, 0x94, 0x84,
			0x31, 0xA8, 0x64, 0x8E, 0x61, 0x8A, 0x51, 0x75, 0x3D, 0x7A, 0x2F, 0x0D,
			0xDA, 0x7F, 0xF9, 0xEC, 0x5F, 0xE6, 0x46, 0x0E, 0x9C, 0xFA, 0xC6, 0xD7,
			0x71, 0x79, 0x63, 0x4D, 0xE0, 0x27, 0x5D, 0x5F, 0x4C, 0xF1, 0xCB, 0x32,
			0xC1, 0x01, 0x34, 0x80, 0xF4, 0xF9, 0x24, 0x80, 0x69, 0x68, 0x12, 0xA1,
			0x51, 0x2C, 0xCB, 0xA5, 0x32, 0xFE, 0xD5, 0xAF, 0xFE, 0x33, 0x24, 0x61,
			0x84, 0xED, 0xED, 0x4D, 0x09, 0x58, 0xC4, 0x6D, 0x21, 0x85, 0x1F, 0x0C,
			0x24, 0xF8, 0x60, 0x1C, 0x4F, 0x03, 0x48, 0x71, 0xE3, 0xE6, 0x07, 0x7D,
			0x5A, 0x62, 0x0D, 0xDB, 0x3B, 0x5B, 0x22, 0xBA, 0x14, 0x2F, 0x82, 0xAC,
			0x5A, 0xB5, 0x0E, 0xC3, 0xB4, 0x45, 0x12, 0x0E, 0x1D, 0x3A, 0x2C, 0x3A,
			0xDF, 0xEF, 0x0F, 0x10, 0x65, 0x4C, 0x9E, 0xA4, 0xC8, 0x72, 0xEE, 0x87,
			0xD0, 0xD9, 0x10, 0x75, 0x22, 0xDA, 0xA3, 0x2A, 0x90, 0x40, 0x9C, 0x47,
			0xE2, 0x0F, 0x50, 0x5A, 0x32, 0x44, 0x59, 0x82, 0x30, 0x49, 0x44, 0xDC,
			0xE3, 0x2C, 0x16, 0xAB, 0xCF, 0x98, 0x44, 0xCB, 0x35, 0xF9, 0x9D, 0x21,
			0xF5, 0xD0, 0xF7, 0xC5, 0xC0, 0x6A, 0x9F, 0xF9, 0xDC, 0x5F, 0x31, 0xBA,
			0xC4, 0xA9, 0xC7, 0xFE, 0x27, 0x2E, 0x5D, 0xBE, 0x04, 0xA7, 0xE0, 0x29,
			0xB4, 0xA7, 0xEB, 0xB0, 0x5C, 0x07, 0x45, 0xAF, 0x20, 0x14, 0x36, 0x19,
			0xFC, 0xF0, 0x65, 0x30, 0xBC, 0x4B, 0x84, 0x8A, 0xCC, 0xE4, 0xFC, 0xD3,
			0x77, 0xDE, 0x81, 0xB5, 0xD5, 0x55, 0x5C, 0xBA, 0xF4, 0x2A, 0xD2, 0x2C,
			0x13, 0x95, 0xA1, 0x4A, 0x31, 0x54, 0x4D, 0xB3, 0x10, 0x9B, 0x9B, 0x6B,
			0x58, 0x58, 0x58, 0xC4, 0xFE, 0x7E, 0x0B, 0x85, 0x42, 0x01, 0xC3, 0x61,
			0x5F, 0xBC, 0x89, 0x69, 0x9B, 0xE2, 0xA7, 0xE3, 0x90, 0xD1, 0x5C, 0x26,
			0x3A, 0x5E, 0x28, 0x14, 0x51, 0xAD, 0xD6, 0x51, 0xAD, 0xD5, 0x31, 0xD9,
			0x98, 0x92, 0x7B, 0x06, 0x61, 0x20, 0xFB, 0x11, 0x9D, 0x50, 0x69, 0x26,
			0x15, 0x6E, 0x8F, 0xB0, 0x01, 0x89, 0xC2, 0xBD, 0xF2, 0x1A, 0x8A, 0xBE,
			0x78, 0x28, 0x7A, 0x2D, 0x31, 0x7E, 0xFC, 0x3D, 0x17, 0x48, 0x4D, 0xD7,
			0x4A, 0xF7, 0x1B, 0x25, 0x8C, 0x40, 0xA8, 0x82, 0xA9, 0x18, 0x49, 0xED,
			0xCF, 0x1E, 0xF8, 0x46, 0x4E, 0xA4, 0xF7, 0xD8, 0xE3, 0xDF, 0xC2, 0xD9,
			0xF3, 0xE7, 0x64, 0x0D, 0x5B, 0x42, 0x4B, 0xA5, 0xAB, 0xE4, 0x0E, 0xAD,
			0xAF, 0x61, 0x12, 0xC4, 0xD0, 0x77, 0x87, 0x22, 0xFA, 0xBD, 0x6E, 0x17,
			0x33, 0x93, 0xD3, 0xB8, 0xF9, 0xBA, 0xE3, 0x58, 0xBD, 0xF4, 0x0A, 0xCE,
			0x9D, 0x3B, 0x23, 0x22, 0x55, 0x2A, 0x7A, 0x82, 0x19, 0x18, 0xCC, 0xD0,
			0x65, 0x5E, 0x59, 0xBB, 0x84, 0xA3, 0x47, 0x8F, 0xCA, 0xA1, 0x7B, 0xBD,
			0x2E, 0xBA, 0xFD, 0x0E, 0x6C, 0xD3, 0xC6, 0xD4, 0xCC, 0x14, 0xAE, 0xAC,
			0xAD, 0x49, 0x08, 0xCD, 0xF9, 0x1D, 0xDB, 0x91, 0x83, 0x50, 0xD5, 0x88,
			0x44, 0xA7, 0xA7, 0x66, 0xC5, 0x8F, 0xEF, 0x36, 0x5B, 0xF0, 0xA3, 0x00,
			0x09, 0xD5, 0x91, 0xEE, 0x92, 0xFF, 0xC8, 0x6D, 0x3D, 0x87, 0x26, 0xB6,
			0x88, 0xC1, 0xC5, 0x28, 0xD9, 0xC2, 0x37, 0xE6, 0x12, 0xA0, 0x8B, 0xBE,
			0xCB, 0xB5, 0x3A, 0x64, 0x1F, 0xC4, 0x02, 0xF4, 0x06, 0xC4, 0x1B, 0x74,
			0xC1, 0x4C, 0xC9, 0x85, 0x49, 0x08, 0xED, 0x73, 0x7F, 0xFE, 0x78, 0x4E,
			0x8A, 0x3D, 0xFA, 0xD8, 0x5F, 0xE1, 0xEC, 0x4F, 0xCF, 0x08, 0x75, 0x1D,
			0xB7, 0x20, 0x01, 0x06, 0x75, 0x9F, 0x5C, 0xA3, 0xA8, 0xE5, 0x39, 0x93,
			0x19, 0x06, 0xB4, 0x11, 0x90, 0x69, 0x54, 0x6B, 0xB8, 0xE1, 0xF0, 0x75,
			0xE8, 0xF7, 0xF6, 0x71, 0xE5, 0xCA, 0x2A, 0xF6, 0xF6, 0xB7, 0xD1, 0x6A,
			0x35, 0x65, 0xD3, 0x2B, 0x2B, 0xCB, 0x28, 0x78, 0x25, 0x09, 0x7B, 0xD7,
			0xD6, 0xD7, 0x30, 0x3B, 0x3B, 0x27, 0x52, 0xC4, 0xB8, 0x60, 0x18, 0x0C,
			0x51, 0x70, 0x5D, 0x01, 0x3C, 0xDB, 0xBB, 0x3B, 0x82, 0x06, 0x2B, 0x95,
			0x8A, 0xA0, 0x43, 0xC7, 0x72, 0x25, 0xB4, 0x9E, 0x98, 0x98, 0x94, 0x38,
			0x83, 0xA0, 0xC7, 0x75, 0x2B, 0x68, 0xEE, 0xEF, 0x23, 0x4D, 0x08, 0x6E,
			0xD5, 0xDA, 0x54, 0x09, 0x0E, 0x09, 0xD8, 0x46, 0x61, 0x39, 0xC3, 0x6D,
			0xEE, 0x5D, 0xCF, 0xA9, 0x08, 0x74, 0xB3, 0xCA, 0x38, 0x12, 0x85, 0x12,
			0x70, 0x89, 0x21, 0xD4, 0x35, 0x58, 0xBA, 0x23, 0x60, 0x88, 0x20, 0xCB,
			0xB4, 0x34, 0x68, 0xF7, 0x7F, 0xE9, 0x89, 0x9C, 0x9C, 0xFB, 0xD6, 0x53,
			0x4F, 0xE2, 0xB9, 0xE7, 0x9F, 0x13, 0xAA, 0x91, 0xD2, 0x34, 0x24, 0x14,
			0x3B, 0xD7, 0xA5, 0xFE, 0x17, 0x45, 0xA4, 0xE2, 0x28, 0x10, 0x3F, 0x6C,
			0x1A, 0x06, 0x5E, 0x77, 0xFC, 0x04, 0x22, 0xBF, 0x8F, 0xFD, 0xBD, 0x6D,
			0xB4, 0xDA, 0x4D, 0x39, 0xDC, 0xD6, 0xD6, 0x86, 0x60, 0xEE, 0xB5, 0x2B,
			0x97, 0xD1, 0xDA, 0x6F, 0xC9, 0xC1, 0x7E, 0xE9, 0x9D, 0xEF, 0x44, 0xBD,
			0xDE, 0xC0, 0x60, 0xD0, 0x47, 0xBB, 0xDD, 0x11, 0x6E, 0x71, 0x7B, 0xB4,
			0xD8, 0xBB, 0xCD, 0x5D, 0x21, 0x30, 0x5F, 0xD4, 0x79, 0x12, 0x80, 0xA8,
			0xB1, 0x24, 0xB9, 0x41, 0x47, 0x02, 0x97, 0xC5, 0xC5, 0x65, 0xB1, 0xDC,
			0xFB, 0xED, 0xF6, 0x48, 0xE7, 0x55, 0x5E, 0x92, 0x86, 0x34, 0x0E, 0x63,
			0xE8, 0x96, 0x21, 0xDA, 0x01, 0x23, 0x17, 0xC9, 0xD0, 0x61, 0x8A, 0x5D,
			0xA1, 0x6A, 0x84, 0x51, 0xC8, 0xD4, 0x88, 0xC4, 0x14, 0x24, 0x00, 0x53,
			0x76, 0xB4, 0x6D, 0x54, 0x39, 0x1A, 0x5A, 0x4B, 0x07, 0xB4, 0xCF, 0xFF,
			0x8F, 0x27, 0x73, 0xEA, 0xDF, 0x13, 0x4F, 0x3E, 0x81, 0xEF, 0x9E, 0xFE,
			0x91, 0x58, 0x73, 0x8B, 0xE2, 0xEB, 0x2A, 0x14, 0x48, 0x5D, 0x17, 0xA8,
			0x4A, 0x3D, 0x4C, 0x33, 0x49, 0x42, 0x1C, 0x59, 0x39, 0x0C, 0x33, 0x8F,
			0x71, 0x65, 0xFD, 0x22, 0x9A, 0xCD, 0x4D, 0xC5, 0x3D, 0xDB, 0x45, 0xBD,
			0x3E, 0x81, 0xC6, 0x44, 0x05, 0x3F, 0x79, 0xF6, 0xC7, 0x58, 0x7D, 0xF5,
			0xA2, 0x70, 0xF9, 0xE0, 0xD2, 0x12, 0xEE, 0xF8, 0x95, 0x77, 0xE1, 0xE5,
			0x57, 0x5E, 0x16, 0x71, 0xA5, 0x7F, 0x27, 0xC6, 0x28, 0x95, 0xCB, 0x92,
			0x4D, 0xDA, 0xD9, 0xD9, 0xB9, 0x0A, 0x71, 0xE7, 0xE6, 0x16, 0xB0, 0xD7,
			0x6C, 0x8A, 0x27, 0xA1, 0x08, 0x5F, 0x7F, 0xFD, 0x0D, 0x98, 0x9E, 0x99,
			0xC5, 0xD4, 0xD4, 0xB4, 0x24, 0x5B, 0x78, 0x3D, 0x11, 0xA1, 0x21, 0x2E,
			0x5A, 0x01, 0x9F, 0x38, 0x4D, 0x11, 0xF8, 0x03, 0x84, 0x49, 0x30, 0x4A,
			0xBD, 0xF1, 0x37, 0x45, 0x14, 0x72, 0x99, 0x49, 0x12, 0x12, 0x9D, 0x36,
			0x83, 0xEB, 0xD0, 0xED, 0x12, 0xDE, 0xE7, 0x29, 0x33, 0x47, 0x80, 0xF6,
			0xE5, 0x87, 0x9F, 0xCE, 0x49, 0xD9, 0x27, 0xFF, 0xFA, 0x29, 0x3C, 0xF1,
			0xA3, 0xEF, 0xC1, 0xA6, 0x85, 0x25, 0x1D, 0x6D, 0x0B, 0xAE, 0xE3, 0xCA,
			0xC1, 0x69, 0xD0, 0xE8, 0x09, 0xE8, 0xE7, 0xAF, 0x5B, 0x3A, 0x04, 0xCF,
			0x34, 0xD1, 0x6C, 0x6E, 0x61, 0x7D, 0x63, 0x4D, 0xFC, 0x3B, 0x45, 0x9C,
			0x8B, 0x31, 0x9A, 0x63, 0x54, 0xF8, 0xD0, 0x83, 0x7F, 0x8E, 0xCB, 0x97,
			0x2E, 0x09, 0x97, 0xDE, 0x72, 0xEB, 0x2F, 0xE2, 0x2D, 0x6F, 0xB9, 0x15,
			0x2F, 0xBE, 0xF4, 0x22, 0x62, 0x26, 0x29, 0x92, 0x14, 0xD3, 0x53, 0x53,
			0x62, 0x5B, 0xBE, 0xF0, 0x85, 0x2F, 0x88, 0x0B, 0xEC, 0x74, 0x3A, 0xB2,
			0xCE, 0x0D, 0x27, 0x4E, 0x48, 0x46, 0x97, 0x1E, 0x87, 0x61, 0xEC, 0xCC,
			0xF4, 0x1C, 0x96, 0x97, 0xAF, 0xC5, 0xC4, 0xE4, 0x24, 0x1A, 0x13, 0x2A,
			0xE7, 0xD0, 0x6E, 0xB7, 0x85, 0xD3, 0xC8, 0x12, 0x49, 0x8E, 0x6A, 0x86,
			0xB2, 0x37, 0xB4, 0x23, 0xC4, 0x02, 0xBE, 0x1F, 0x21, 0x8C, 0x87, 0xC8,
			0x33, 0x7A, 0x1D, 0x13, 0x96, 0xAE, 0x54, 0x59, 0x11, 0x81, 0x18, 0x22,
			0x16, 0x95, 0x48, 0xA3, 0x50, 0x08, 0xA2, 0x7D, 0xE5, 0xE1, 0xA7, 0x73,
			0x6E, 0xFE, 0xBB, 0x4F, 0x7F, 0x0F, 0xDF, 0x7A, 0xFA, 0x29, 0x94, 0x2A,
			0x15, 0x11, 0x35, 0xD1, 0xB1, 0x71, 0xD6, 0x27, 0x8E, 0x25, 0x9B, 0xB3,
			0x34, 0x33, 0x8B, 0xC3, 0x07, 0x0F, 0xA2, 0xB9, 0xBB, 0x23, 0xE2, 0x4B,
			0x4A, 0xAF, 0x1C, 0xBE, 0x66, 0xE4, 0xE6, 0x22, 0xB8, 0xB6, 0x85, 0x42,
			0xC1, 0xC6, 0xDA, 0xFA, 0x15, 0x3C, 0xFF, 0xC2, 0x69, 0x54, 0xCA, 0x65,
			0x71, 0x8D, 0xE5, 0x4A, 0x19, 0xC5, 0x32, 0x6D, 0x82, 0x07, 0xBF, 0x3F,
			0x90, 0xC3, 0xEF, 0xED, 0xED, 0xE1, 0xA9, 0xA7, 0x9E, 0x12, 0x97, 0x44,
			0x1B, 0x44, 0x49, 0x39, 0x79, 0xE2, 0xA4, 0xA8, 0x0E, 0xA5, 0x81, 0x40,
			0x8B, 0xEB, 0xCF, 0xCE, 0x2C, 0xCA, 0xE1, 0x1B, 0x8D, 0x3A, 0x2A, 0xE5,
			0x0A, 0x9A, 0xCD, 0x7D, 0xB1, 0xE8, 0x14, 0x63, 0xAA, 0x52, 0x18, 0x2B,
			0xEC, 0xCF, 0xDC, 0x05, 0xBD, 0x12, 0x25, 0x56, 0x88, 0x91, 0xA7, 0xA2,
			0x96, 0x49, 0x14, 0x4A, 0x9E, 0x81, 0x1A, 0x20, 0x12, 0xA1, 0x8D, 0x20,
			0x78, 0xC6, 0x6C, 0x75, 0x0E, 0xED, 0xE1, 0x47, 0x7E, 0x90, 0x53, 0x24,
			0xBE, 0xF7, 0xF4, 0xF7, 0xF0, 0xD8, 0x77, 0x9F, 0x10, 0x43, 0xE1, 0x7A,
			0x25, 0x71, 0x4B, 0x02, 0x43, 0x47, 0xD9, 0x1B, 0x42, 0xE2, 0x5B, 0x8E,
			0x1D, 0x47, 0x9E, 0x04, 0x58, 0xDB, 0x58, 0x07, 0x01, 0x1E, 0x39, 0x46,
			0xA4, 0x25, 0x0B, 0x32, 0xD8, 0x09, 0x02, 0xE8, 0x5A, 0x82, 0x38, 0x51,
			0xE1, 0x2E, 0xF5, 0xF9, 0xC5, 0xB3, 0x2F, 0x08, 0x90, 0xB9, 0xFE, 0xFA,
			0xEB, 0xC5, 0xA6, 0xEC, 0xEF, 0xED, 0x61, 0x67, 0x6B, 0x1B, 0x6B, 0x6B,
			0x6B, 0xC2, 0xFD, 0x73, 0xE7, 0xCE, 0x89, 0x3A, 0xBC, 0xE1, 0x4D, 0x6F,
			0x14, 0x02, 0xAC, 0xAF, 0x6D, 0x60, 0x63, 0x63, 0x5D, 0x36, 0x4A, 0xBB,
			0x30, 0x37, 0xBB, 0x88, 0x03, 0x07, 0x96, 0x84, 0x78, 0x93, 0x93, 0x13,
			0x02, 0x9D, 0x99, 0x54, 0x21, 0xFC, 0x64, 0x44, 0x98, 0xA4, 0x14, 0xED,
			0x44, 0xA0, 0x34, 0xDF, 0xC5, 0x1C, 0x18, 0x74, 0xD9, 0xB6, 0x78, 0x2D,
			0x9E, 0x9E, 0xC4, 0x61, 0x84, 0xCA, 0x5A, 0x84, 0xF8, 0x7E, 0x21, 0x88,
			0x09, 0x5D, 0x33, 0xA0, 0x7D, 0xF5, 0xD4, 0x0F, 0x73, 0xFA, 0xEE, 0xEF,
			0xFD, 0xF0, 0x07, 0xF8, 0xE6, 0x77, 0x9E, 0x10, 0x98, 0xC9, 0xC5, 0x18,
			0x07, 0xF0, 0x50, 0x94, 0x06, 0x12, 0xE0, 0xC8, 0x81, 0x25, 0xCC, 0x4F,
			0x32, 0x9D, 0xDD, 0xC6, 0xAB, 0xAF, 0x5E, 0xC4, 0x81, 0xA5, 0x15, 0x2C,
			0x2E, 0x2E, 0x0A, 0x07, 0x95, 0x0F, 0x57, 0x78, 0x81, 0x49, 0x4A, 0x12,
			0xC5, 0x1F, 0x0E, 0x44, 0x5F, 0xF7, 0xF6, 0x77, 0x25, 0x9B, 0x3B, 0x31,
			0xD1, 0x90, 0x08, 0x6E, 0x10, 0x04, 0xD8, 0x58, 0x5F, 0x97, 0x7B, 0x8E,
			0x1F, 0x3F, 0x8E, 0x5A, 0xAD, 0x8E, 0x4E, 0xB7, 0xCB, 0x74, 0x26, 0xFC,
			0x41, 0x80, 0x2C, 0x05, 0x0A, 0x05, 0x57, 0xE6, 0x22, 0x91, 0x38, 0xEF,
			0xA1, 0x95, 0xEB, 0xC4, 0x2B, 0xB0, 0x0E, 0x61, 0x1B, 0x16, 0x86, 0x41,
			0xA4, 0x22, 0x49, 0xB2, 0x95, 0x0A, 0xAB, 0xEB, 0x92, 0x4B, 0x1C, 0x0C,
			0x09, 0xBE, 0x98, 0x48, 0xE5, 0xF7, 0xAC, 0x8D, 0x18, 0x92, 0x95, 0xA6,
			0xFB, 0xA3, 0xA1, 0x1F, 0xE3, 0x87, 0x24, 0x24, 0xC1, 0x22, 0x41, 0x8B,
			0x42, 0x00, 0x4A, 0xC0, 0xB3, 0xA7, 0x9F, 0xC5, 0x37, 0xFF, 0xFA, 0x09,
			0x41, 0x5E, 0xF4, 0xC5, 0xE4, 0xBC, 0xC2, 0xDB, 0x29, 0x6A, 0xE5, 0x0A,
			0x4E, 0x5E, 0x73, 0x2D, 0xF6, 0x5B, 0xBB, 0xE8, 0xB4, 0x5B, 0xD8, 0xD9,
			0xD9, 0xC5, 0xEB, 0x6F, 0xF9, 0x05, 0x31, 0x72, 0xE4, 0xF4, 0x70, 0x30,
			0x90, 0xBA, 0x01, 0xAD, 0x2F, 0x5D, 0xCB, 0xFA, 0xFA, 0x1A, 0x06, 0x83,
			0x1E, 0x0E, 0x1C, 0x5C, 0x84, 0x1F, 0xFA, 0x78, 0xE9, 0xCC, 0x19, 0xA4,
			0x03, 0x95, 0xA8, 0x18, 0xE6, 0x99, 0x64, 0x6D, 0xAA, 0xF5, 0xBA, 0x78,
			0x07, 0x26, 0x5F, 0x18, 0xBA, 0x3A, 0xB6, 0x05, 0x66, 0xA3, 0x59, 0x39,
			0xA2, 0x11, 0x2E, 0x16, 0x4B, 0xB8, 0x70, 0xE1, 0x02, 0x2E, 0x5D, 0xBE,
			0x88, 0x99, 0x99, 0x19, 0xCC, 0xCF, 0x2D, 0x0A, 0x3E, 0x70, 0x99, 0xA5,
			0x36, 0x6D, 0xC9, 0xEA, 0x04, 0xBE, 0x2F, 0x35, 0x02, 0xE5, 0xAA, 0x55,
			0x80, 0x45, 0x83, 0x4C, 0x95, 0x8D, 0x29, 0xFA, 0xA3, 0xCA, 0x14, 0x63,
			0x15, 0x1E, 0x9C, 0x5C, 0x17, 0x00, 0x45, 0x09, 0x31, 0x34, 0x51, 0x5D,
			0xED, 0x91, 0xAF, 0x3D, 0x93, 0x93, 0xDB, 0xA7, 0x9F, 0x3F, 0x8D, 0xC7,
			0x9E, 0xFC, 0x86, 0xC4, 0x00, 0x9E, 0x57, 0x51, 0x7E, 0x94, 0x30, 0x34,
			0x4E, 0x70, 0xF2, 0xE8, 0x31, 0x54, 0x3C, 0x1B, 0x9B, 0xDB, 0x1B, 0xB8,
			0xF8, 0xEA, 0xCB, 0x12, 0xAB, 0xBF, 0xF1, 0x4D, 0xB7, 0x5F, 0xF5, 0xB3,
			0x4C, 0x37, 0xF3, 0xF0, 0xF4, 0xFD, 0x51, 0xE4, 0xC3, 0xB0, 0x72, 0xB4,
			0xDB, 0x2D, 0x38, 0x8E, 0x8D, 0x43, 0x87, 0x0F, 0xE3, 0xD9, 0x67, 0x9E,
			0xC1, 0x15, 0x82, 0xAC, 0x5C, 0x43, 0xA0, 0x6B, 0x38, 0x78, 0xF8, 0x90,
			0x10, 0x2E, 0x4D, 0x32, 0x51, 0x03, 0xCE, 0xC7, 0xBF, 0x49, 0x8C, 0x46,
			0x7D, 0x4A, 0xF2, 0x06, 0xCC, 0x0D, 0x10, 0x23, 0x7C, 0xFF, 0x07, 0xDF,
			0x91, 0x8C, 0xF4, 0xEC, 0xCC, 0x3C, 0xA6, 0xA7, 0x67, 0x50, 0x2B, 0x97,
			0x60, 0xD8, 0x0E, 0xF2, 0x8C, 0x59, 0x67, 0xE2, 0x02, 0x95, 0x7F, 0x90,
			0x78, 0x61, 0xC4, 0x79, 0x4A, 0x2D, 0xD5, 0x81, 0xC4, 0x88, 0xFC, 0x40,
			0x24, 0x99, 0x36, 0x85, 0x48, 0x82, 0xAE, 0x9C, 0xDE, 0x82, 0xEB, 0xF1,
			0xA5, 0xFD, 0xC5, 0x57, 0xBF, 0x2F, 0x5E, 0xE0, 0xCC, 0x8B, 0x67, 0xF1,
			0x97, 0xDF, 0x78, 0x18, 0x9A, 0x6E, 0xC2, 0x29, 0xD7, 0x25, 0xE9, 0xC0,
			0x0C, 0xCB, 0x42, 0x7D, 0x0A, 0x33, 0x13, 0x35, 0x04, 0x41, 0x1F, 0x5B,
			0x5B, 0x9B, 0x78, 0xFE, 0x85, 0x67, 0xB1, 0xBC, 0x74, 0x18, 0xB7, 0xDF,
			0xFE, 0x4B, 0x02, 0x6A, 0x06, 0xFD, 0x8E, 0xD4, 0xF3, 0xC8, 0x39, 0x1A,
			0x99, 0x42, 0xD1, 0x41, 0xB7, 0xD7, 0x96, 0x78, 0x81, 0xAA, 0xB5, 0xB8,
			0x78, 0x40, 0x28, 0xFD, 0xF9, 0x3F, 0xFB, 0x6F, 0xC2, 0xA5, 0x37, 0xDF,
			0xFE, 0x56, 0xF9, 0x7E, 0x6D, 0x6D, 0xFD, 0xAA, 0xB8, 0xCE, 0xCD, 0xCE,
			0x0A, 0xCC, 0xF5, 0x8A, 0x45, 0x78, 0x4E, 0x59, 0xB0, 0x88, 0x02, 0x3C,
			0x31, 0x5E, 0x38, 0xF3, 0x9C, 0x14, 0x50, 0xAE, 0x3F, 0x7A, 0x1C, 0xF3,
			0x0B, 0x8B, 0xB0, 0x4D, 0x1D, 0xA5, 0x72, 0x05, 0x05, 0xAF, 0x2E, 0xF8,
			0x80, 0x63, 0xEC, 0xDE, 0x58, 0x0F, 0xA0, 0x41, 0x64, 0xDA, 0x8B, 0x81,
			0x12, 0x89, 0x98, 0xC5, 0xAA, 0x9E, 0xC0, 0xDF, 0xE9, 0x01, 0x98, 0xCF,
			0x20, 0x63, 0xD5, 0x2B, 0x85, 0xF6, 0xE8, 0xD7, 0x9F, 0x15, 0xEF, 0xF9,
			0x37, 0xA7, 0x4F, 0xE3, 0xD1, 0x6F, 0x9E, 0x92, 0xD0, 0xD7, 0x2E, 0x37,
			0xE8, 0x02, 0x30, 0x5D, 0xA9, 0x61, 0xAE, 0x56, 0x47, 0xAF, 0xD7, 0x44,
			0x73, 0x8F, 0xFE, 0x79, 0x1F, 0x17, 0x2E, 0x9C, 0xC7, 0xFC, 0xFC, 0x02,
			0x6E, 0xBF, 0xFD, 0x6D, 0x82, 0xA8, 0x94, 0x21, 0x4A, 0x60, 0xEA, 0x2A,
			0xF4, 0x94, 0x7C, 0x35, 0x72, 0x29, 0x60, 0x12, 0x3C, 0xF1, 0xC5, 0x0D,
			0x5C, 0x78, 0xE5, 0x15, 0xCC, 0xCE, 0xCC, 0x60, 0x66, 0x66, 0x56, 0x54,
			0x77, 0x6B, 0x7B, 0x4B, 0xC4, 0x91, 0x6A, 0x40, 0x22, 0x14, 0x8A, 0x25,
			0xF9, 0x3B, 0x62, 0xDA, 0xCD, 0x71, 0x45, 0x77, 0xBB, 0xBD, 0x2E, 0x5E,
			0x7E, 0xF9, 0x65, 0x5C, 0xB8, 0xF0, 0x32, 0x8E, 0x5C, 0x7B, 0x14, 0x07,
			0x97, 0x56, 0x50, 0xAB, 0x57, 0xD0, 0xA8, 0x35, 0x50, 0x2A, 0x4E, 0x8A,
			0xA1, 0x24, 0x11, 0x49, 0x00, 0x0E, 0x39, 0x24, 0xE3, 0x8B, 0x51, 0x71,
			0x45, 0xEC, 0x83, 0x49, 0x43, 0xAE, 0xD4, 0x83, 0x49, 0x58, 0x56, 0x96,
			0x48, 0x5C, 0x66, 0xA4, 0xA5, 0xA4, 0xF7, 0xE8, 0xD7, 0x9F, 0xCB, 0x99,
			0x02, 0x3B, 0x7B, 0xE6, 0x0C, 0x1E, 0x7E, 0xF4, 0x21, 0x40, 0x37, 0x61,
			0x17, 0x6B, 0x92, 0xA1, 0x79, 0xCD, 0xCA, 0xB5, 0x08, 0x7A, 0x2D, 0xAC,
			0x6D, 0xAC, 0x22, 0xCF, 0x13, 0xAC, 0xAF, 0x6F, 0x08, 0xDA, 0xA3, 0xDF,
			0x7F, 0xC3, 0x1B, 0xDE, 0x8C, 0x7A, 0x6D, 0x42, 0x96, 0x19, 0x0E, 0x07,
			0x12, 0xAD, 0x11, 0xBD, 0x71, 0x21, 0xBA, 0x69, 0x2E, 0x46, 0x5D, 0xA3,
			0x38, 0x53, 0x94, 0x77, 0xF7, 0x9A, 0xE2, 0xFF, 0x4B, 0xC5, 0xA2, 0x88,
			0xAD, 0xE4, 0x01, 0x5C, 0x57, 0xA2, 0x40, 0xF1, 0xFB, 0xFD, 0x81, 0xDC,
			0xCB, 0x00, 0x85, 0x1B, 0xA4, 0x0D, 0x22, 0x41, 0x2E, 0x5E, 0xBC, 0x88,
			0xE7, 0x4E, 0xFF, 0x08, 0x37, 0x9E, 0xB8, 0x09, 0x07, 0x0F, 0x1C, 0x92,
			0x6C, 0xF5, 0xC4, 0x64, 0x03, 0x13, 0x8D, 0x45, 0x1C, 0x3C, 0xB0, 0x2C,
			0x78, 0x81, 0xC0, 0x89, 0x84, 0xE0, 0x81, 0x78, 0x0F, 0xDD, 0x33, 0x0F,
			0x3F, 0x1C, 0xFA, 0xF0, 0xE3, 0x81, 0x44, 0x8F, 0x34, 0xBA, 0x9C, 0xDF,
			0xD4, 0xB9, 0xB7, 0x58, 0x82, 0x32, 0x32, 0x49, 0x7B, 0xE4, 0xD4, 0x33,
			0xA2, 0x02, 0xE7, 0xCF, 0xBF, 0x84, 0x87, 0xBE, 0xF6, 0x25, 0xC0, 0xB0,
			0x61, 0x78, 0x14, 0x31, 0x17, 0x0B, 0xD5, 0x0A, 0xF6, 0x9A, 0x1B, 0x02,
			0x84, 0x68, 0xD4, 0x36, 0xB7, 0xB6, 0xE4, 0xD0, 0xF3, 0xF3, 0x73, 0xC2,
			0xD9, 0xE5, 0xA5, 0x65, 0x09, 0x97, 0x39, 0x31, 0xAB, 0xBC, 0x92, 0xD4,
			0x74, 0x54, 0x50, 0x43, 0x77, 0xCA, 0xB1, 0xBF, 0xBF, 0x2F, 0xE2, 0x48,
			0x7D, 0x63, 0x78, 0x4A, 0xE3, 0x43, 0x15, 0x48, 0xD2, 0x18, 0x96, 0x63,
			0xC3, 0x95, 0x42, 0x26, 0x33, 0x40, 0x0A, 0x98, 0xD0, 0x75, 0xF1, 0x30,
			0x34, 0x94, 0x49, 0x9C, 0xE0, 0xCC, 0xD9, 0x33, 0x78, 0xE5, 0x95, 0xF3,
			0x98, 0x9A, 0x9E, 0xC6, 0xF1, 0x63, 0xAF, 0x41, 0xA5, 0x52, 0xC5, 0x81,
			0x83, 0x07, 0xE0, 0xB9, 0x55, 0x5C, 0x77, 0xED, 0x31, 0x14, 0x8B, 0x65,
			0x71, 0x97, 0x44, 0x94, 0x04, 0x49, 0x44, 0x9A, 0x54, 0x35, 0xC6, 0x21,
			0x84, 0xC2, 0xCC, 0x07, 0x70, 0x5E, 0x7A, 0x2B, 0xE6, 0x39, 0x09, 0xDC,
			0x18, 0x25, 0xAA, 0x9C, 0x64, 0x0E, 0xED, 0xC1, 0x2F, 0x7F, 0x27, 0x67,
			0x9C, 0x7E, 0xF9, 0xCA, 0x2A, 0xBE, 0x7C, 0xEA, 0x21, 0xC0, 0x24, 0x01,
			0x0A, 0x12, 0x77, 0xBB, 0x48, 0x11, 0x0C, 0xDA, 0x12, 0x4E, 0x52, 0x05,
			0x0A, 0xC5, 0x02, 0x0E, 0xAF, 0x5C, 0x2B, 0x9B, 0x20, 0xE5, 0xA9, 0x6B,
			0xB4, 0xD0, 0x22, 0xBA, 0xCC, 0xF1, 0x3B, 0x8E, 0x84, 0xB4, 0xF4, 0xBB,
			0x9D, 0x6E, 0x07, 0x51, 0x1C, 0xCA, 0xF7, 0xD4, 0x69, 0x46, 0x88, 0xE4,
			0xC2, 0x18, 0xF5, 0x95, 0x2B, 0x15, 0xE1, 0x18, 0x8D, 0x13, 0xD7, 0x27,
			0x11, 0x09, 0x91, 0x69, 0xB8, 0xC8, 0x3D, 0x72, 0x67, 0x73, 0x73, 0x4B,
			0x6A, 0x0B, 0x9C, 0x83, 0xE9, 0xF2, 0xEB, 0x8E, 0x1E, 0xC5, 0xDC, 0xEC,
			0x1C, 0xE6, 0xE6, 0xE6, 0xE0, 0x79, 0x65, 0xCC, 0xCF, 0x1E, 0xC4, 0xD2,
			0xD2, 0x61, 0xB9, 0x97, 0x2E, 0x97, 0x48, 0x91, 0x49, 0x96, 0x20, 0x18,
			0xCA, 0x9E, 0x78, 0x40, 0x29, 0xBA, 0x64, 0x39, 0xE2, 0x24, 0x42, 0x24,
			0x39, 0x00, 0x62, 0x88, 0x5C, 0x31, 0x8E, 0xD5, 0xEE, 0x07, 0xBE, 0xF8,
			0x78, 0x4E, 0x2E, 0x30, 0x67, 0xF6, 0xC8, 0xD7, 0x4F, 0x81, 0x65, 0x8B,
			0x9C, 0xA9, 0x6F, 0x4D, 0x87, 0xDF, 0x6A, 0xA3, 0xD7, 0xDE, 0x45, 0xBF,
			0xBB, 0x87, 0x89, 0x46, 0x03, 0xF3, 0xF3, 0xF3, 0x58, 0x5E, 0xA2, 0x05,
			0x67, 0xBD, 0x30, 0x41, 0xA7, 0xD3, 0x42, 0xA7, 0xDB, 0x12, 0x1F, 0x3D,
			0x33, 0x33, 0x25, 0x70, 0x93, 0x6E, 0x93, 0x81, 0xCF, 0x70, 0x30, 0x94,
			0x8D, 0x0D, 0xFC, 0xA1, 0xB8, 0x49, 0x42, 0x72, 0x8A, 0x2F, 0x03, 0x1D,
			0x65, 0xA5, 0x53, 0x91, 0x18, 0xC2, 0x53, 0x6E, 0x9E, 0x1B, 0x66, 0x06,
			0x87, 0x28, 0x91, 0x87, 0xDD, 0xDD, 0xDD, 0x91, 0xBE, 0x01, 0xA9, 0x48,
			0xA5, 0x29, 0x5E, 0x7C, 0xF1, 0x05, 0x14, 0xCA, 0x25, 0xBC, 0xFE, 0xE6,
			0xD7, 0x4B, 0x70, 0xC6, 0xDF, 0x18, 0x7B, 0x1C, 0x3F, 0x76, 0x93, 0x60,
			0x09, 0xA5, 0xD7, 0x54, 0x83, 0x44, 0x98, 0xD3, 0xED, 0x76, 0xE4, 0xE0,
			0x8C, 0x20, 0x99, 0xA7, 0x90, 0x0D, 0xD0, 0x1F, 0x66, 0x39, 0x06, 0xC3,
			0x0E, 0x86, 0x3E, 0x13, 0x33, 0x06, 0xB4, 0xCF, 0x3C, 0xF0, 0x58, 0x4E,
			0xB1, 0xB9, 0x7C, 0xF9, 0x32, 0xBE, 0xFF, 0xCC, 0xF7, 0x11, 0x64, 0x09,
			0xAC, 0x82, 0x27, 0xED, 0x27, 0xBD, 0xBD, 0x0E, 0xFA, 0xAD, 0x6D, 0xF8,
			0xFD, 0x7D, 0x1C, 0x3A, 0x74, 0x48, 0x12, 0x1B, 0xAC, 0x03, 0x56, 0x2B,
			0x0D, 0xB1, 0xC0, 0xED, 0x4E, 0x13, 0x9D, 0xEE, 0xBE, 0x88, 0x17, 0x97,
			0xA2, 0x44, 0x10, 0x15, 0x4A, 0x54, 0xA6, 0xEB, 0x72, 0x70, 0xA6, 0xA3,
			0xC9, 0x71, 0xC2, 0x4E, 0x82, 0x8F, 0x7A, 0xAD, 0x0E, 0xD7, 0xB6, 0x05,
			0x68, 0xD1, 0x3B, 0xB8, 0xCC, 0x3E, 0x31, 0x5B, 0x64, 0x1A, 0xE8, 0xEC,
			0xB7, 0x84, 0x18, 0xBC, 0x8E, 0x81, 0x11, 0x73, 0x02, 0x24, 0x0A, 0x8D,
			0xEF, 0xB9, 0x73, 0x3F, 0xC5, 0xFE, 0x5E, 0x13, 0xAF, 0x7D, 0xED, 0x6B,
			0x31, 0x39, 0x39, 0x2B, 0x87, 0x9B, 0x5F, 0x98, 0xC7, 0x75, 0xD7, 0x9E,
			0xC0, 0xC2, 0xFC, 0xA2, 0x24, 0x42, 0x78, 0x78, 0xA5, 0x02, 0xAC, 0x0D,
			0x76, 0xB1, 0xB9, 0xB9, 0x0E, 0xC7, 0x35, 0xE1, 0x07, 0x3E, 0x32, 0x86,
			0xC9, 0x62, 0x0C, 0x69, 0x14, 0x59, 0x45, 0xEA, 0xC0, 0x67, 0x5B, 0xCD,
			0xDD, 0xBF, 0xF3, 0x07, 0x39, 0x75, 0xA5, 0xDB, 0xE9, 0x48, 0x5F, 0x4E,
			0x4C, 0x1C, 0xE0, 0xB2, 0x08, 0x12, 0xC0, 0x1F, 0x0C, 0x30, 0x68, 0x6F,
			0x23, 0xF2, 0x7B, 0x78, 0xCD, 0xF1, 0x13, 0x42, 0x80, 0x5A, 0xB5, 0x21,
			0x65, 0x25, 0x26, 0x28, 0xF6, 0xF7, 0x77, 0x91, 0x66, 0x4C, 0x7A, 0xE6,
			0xE8, 0x74, 0xDB, 0x68, 0x77, 0x3B, 0xB2, 0x09, 0x1E, 0x98, 0x38, 0x9E,
			0x83, 0x9F, 0xA9, 0xF3, 0x24, 0xD2, 0xF8, 0x37, 0x1E, 0x98, 0xC8, 0x4D,
			0xAC, 0xB7, 0xC4, 0xB2, 0x8C, 0xF5, 0x54, 0x4E, 0x5F, 0xB9, 0xCE, 0x45,
			0x34, 0x1A, 0x53, 0xC2, 0x21, 0x72, 0xAF, 0xB5, 0xBF, 0x8F, 0xF3, 0xAF,
			0x9C, 0xC3, 0xE6, 0xC6, 0xBA, 0x48, 0xE2, 0x35, 0x87, 0xAF, 0x15, 0x97,
			0x4B, 0x5C, 0x30, 0x37, 0xBB, 0x84, 0x7F, 0x74, 0xCB, 0x9B, 0x65, 0x3D,
			0xAA, 0x0D, 0x5F, 0x8E, 0xE3, 0x8A, 0xDD, 0xA2, 0xFD, 0xB1, 0x1D, 0x03,
			0x7E, 0x10, 0x88, 0x41, 0xE4, 0xBA, 0x0C, 0x87, 0xB9, 0x87, 0x80, 0x45,
			0x55, 0x4A, 0xC0, 0xAF, 0xFD, 0xE6, 0x47, 0xF3, 0xFE, 0x70, 0x20, 0x19,
			0x9E, 0xD6, 0xEE, 0x9E, 0xB8, 0x36, 0xE6, 0x04, 0x59, 0x47, 0x4B, 0x69,
			0xC1, 0x7B, 0x4D, 0x24, 0x41, 0x1F, 0x37, 0xDC, 0x70, 0x23, 0xE6, 0x66,
			0xE7, 0xE1, 0x78, 0x1E, 0x1C, 0x93, 0x46, 0x4C, 0xB9, 0x9F, 0x20, 0x18,
			0x48, 0xFE, 0x8F, 0x46, 0x32, 0x66, 0x76, 0x46, 0x57, 0x45, 0x53, 0x4A,
			0x1C, 0xD3, 0xE4, 0xE4, 0x06, 0xC5, 0x5B, 0x0D, 0x02, 0xA4, 0xAE, 0xAA,
			0x1C, 0x51, 0xF7, 0x89, 0x35, 0x18, 0x94, 0x80, 0xF5, 0x7D, 0x26, 0x42,
			0x1A, 0xB2, 0x79, 0x62, 0xD6, 0x72, 0xB9, 0x0A, 0xC7, 0xB5, 0x24, 0xE7,
			0xCF, 0xBD, 0xED, 0xEE, 0x6E, 0x63, 0x6D, 0x63, 0x0D, 0x96, 0xAE, 0xE3,
			0xC8, 0x91, 0xEB, 0xE0, 0x38, 0x05, 0xC4, 0x51, 0x82, 0x6B, 0xAF, 0xB9,
			0x1E, 0xB7, 0xDE, 0xFA, 0x36, 0xB1, 0x2F, 0xE4, 0xFE, 0x78, 0x70, 0x5E,
			0x96, 0xEC, 0x0D, 0xCB, 0x14, 0x95, 0xE4, 0x7E, 0xC8, 0x71, 0x7E, 0x4E,
			0xF2, 0x14, 0xA6, 0xAE, 0xB2, 0xC6, 0xDA, 0xBF, 0xFC, 0xCD, 0x8F, 0x8A,
			0x0A, 0x74, 0xDB, 0x6D, 0xEC, 0x6E, 0x6E, 0x09, 0xD5, 0xDD, 0x62, 0x01,
			0x9D, 0x4E, 0x1B, 0x59, 0x14, 0x21, 0xF5, 0x07, 0xC8, 0x93, 0x21, 0x4E,
			0x9C, 0xB8, 0x11, 0x33, 0xD3, 0xF3, 0x42, 0x79, 0x72, 0x92, 0x06, 0x4F,
			0x08, 0x10, 0x06, 0x18, 0xFA, 0x7D, 0xD1, 0x2F, 0x7E, 0xA6, 0x0B, 0x22,
			0xA2, 0x63, 0x7E, 0x80, 0x9B, 0xA0, 0x01, 0x93, 0x0A, 0xB1, 0xA6, 0xBA,
			0x4D, 0xB8, 0xA9, 0x62, 0xB1, 0x30, 0xFA, 0x2D, 0x12, 0xAE, 0xF0, 0x33,
			0x55, 0x86, 0xFA, 0xDE, 0x98, 0x9C, 0x94, 0xEB, 0x48, 0x04, 0xF6, 0x18,
			0x50, 0x12, 0x59, 0xD4, 0xA0, 0x71, 0xA3, 0x94, 0xF1, 0xEF, 0xC3, 0x87,
			0x8F, 0xE0, 0xE6, 0x9B, 0x7E, 0x01, 0xF3, 0x73, 0xF3, 0x28, 0x57, 0xAA,
			0xF0, 0x58, 0xCB, 0xD0, 0x35, 0x99, 0x6F, 0x3C, 0x17, 0xDF, 0x39, 0x37,
			0x69, 0x4F, 0x69, 0xA3, 0xA0, 0xF1, 0xEF, 0x8D, 0x9D, 0x0D, 0xC4, 0x51,
			0x24, 0x99, 0x65, 0xBA, 0x5F, 0xED, 0xD7, 0xDF, 0xFF, 0x89, 0x9C, 0x3F,
			0xB4, 0xF7, 0xF7, 0xB1, 0x76, 0xF9, 0x12, 0x74, 0x76, 0x55, 0x14, 0x3C,
			0x11, 0xA5, 0x54, 0x08, 0xD0, 0x93, 0x72, 0xF8, 0x89, 0x1B, 0x6E, 0x14,
			0x10, 0x43, 0xFD, 0xA4, 0x3B, 0xE3, 0x26, 0x29, 0xD6, 0xD4, 0xDD, 0x5C,
			0xCB, 0x04, 0xFF, 0x48, 0x45, 0x36, 0xA4, 0x7F, 0x67, 0xD5, 0x58, 0xD5,
			0x16, 0x89, 0x0A, 0x29, 0x72, 0xDC, 0x10, 0x8D, 0x13, 0xEF, 0xA3, 0xB8,
			0xF2, 0x6F, 0xBA, 0xAF, 0xF1, 0xC1, 0xB9, 0x07, 0x7E, 0x9E, 0x99, 0x9B,
			0x13, 0xC9, 0x21, 0x8E, 0xA7, 0xA4, 0x70, 0x90, 0xD0, 0x14, 0x69, 0xA6,
			0xD7, 0x39, 0xC7, 0xF4, 0xCC, 0x0C, 0x6E, 0xBE, 0xF1, 0x4D, 0x38, 0x79,
			0xF2, 0x66, 0x99, 0x67, 0x4C, 0x5C, 0x75, 0x5D, 0xF8, 0x33, 0xDF, 0x71,
			0x5E, 0x69, 0xAB, 0xA3, 0x5B, 0x66, 0xD1, 0x34, 0x0E, 0xB1, 0xBD, 0xB5,
			0x8D, 0x7E, 0x77, 0x20, 0x73, 0x6B, 0xBF, 0x76, 0xF7, 0x3D, 0x92, 0x15,
			0x66, 0x8C, 0x7F, 0xE5, 0xD2, 0x25, 0x98, 0xAE, 0x87, 0x82, 0xE7, 0xC9,
			0x44, 0x84, 0x8D, 0x41, 0xAF, 0x0B, 0x5B, 0xD7, 0x70, 0xC3, 0xB1, 0x63,
			0x68, 0xD4, 0x27, 0x11, 0x52, 0x7F, 0xC3, 0x80, 0xDD, 0x48, 0x22, 0x05,
			0x1C, 0x34, 0x5C, 0xCC, 0xDB, 0xF3, 0x7A, 0x26, 0x1F, 0x99, 0x72, 0x6E,
			0xD4, 0xEB, 0x88, 0x25, 0x77, 0x9F, 0x88, 0xA8, 0x32, 0xFB, 0xCB, 0x03,
			0x32, 0x75, 0x95, 0x31, 0x7C, 0x65, 0x77, 0x57, 0x14, 0x0A, 0x17, 0xAA,
			0x95, 0xAA, 0xB8, 0x49, 0x12, 0x9D, 0x9B, 0xA6, 0x14, 0x8A, 0x0D, 0xF2,
			0x7D, 0x39, 0x0C, 0x3D, 0x07, 0x0F, 0xC4, 0xBF, 0xBB, 0xDD, 0xB6, 0x54,
			0xA9, 0x8E, 0x1F, 0x3D, 0x89, 0x9B, 0x6F, 0xBE, 0x45, 0x72, 0x00, 0x1C,
			0x24, 0x32, 0xF7, 0x4C, 0xE9, 0x64, 0xAE, 0x81, 0x6A, 0x47, 0x7B, 0x42,
			0xD5, 0x60, 0xBC, 0xC2, 0xB8, 0x64, 0x38, 0xA4, 0x24, 0x68, 0x42, 0x44,
			0xBA, 0x4C, 0x06, 0x61, 0xDA, 0x7B, 0x7E, 0xFB, 0x3F, 0x4B, 0x1E, 0x75,
			0x75, 0xF5, 0x02, 0x36, 0xD6, 0xD6, 0xC0, 0x42, 0x21, 0x6F, 0x54, 0xAD,
			0x68, 0x89, 0x94, 0xAA, 0x6D, 0x2D, 0xC3, 0xB1, 0x23, 0xD7, 0x60, 0x6A,
			0x62, 0x56, 0xA2, 0x2F, 0x96, 0xC6, 0xD4, 0xEF, 0xB1, 0xA0, 0x39, 0x5E,
			0x47, 0xEA, 0x7A, 0x05, 0x0F, 0x5E, 0xC1, 0x55, 0xF1, 0xBA, 0xF8, 0xF2,
			0x40, 0x52, 0xE4, 0x0C, 0x7A, 0xA8, 0xF3, 0x6C, 0x54, 0xE0, 0xA1, 0x2D,
			0x93, 0xDD, 0x5F, 0x4A, 0x35, 0x94, 0xEE, 0x26, 0x98, 0x99, 0x9E, 0x15,
			0xFD, 0xDF, 0xDB, 0xDB, 0x85, 0x1F, 0x0E, 0x25, 0xDD, 0xA5, 0xA2, 0x4B,
			0x65, 0x44, 0x49, 0x6C, 0x96, 0xBA, 0x87, 0x43, 0x4A, 0x91, 0x85, 0xF9,
			0xF9, 0x25, 0xBC, 0xEE, 0x75, 0x6F, 0x40, 0xA9, 0x50, 0x14, 0x02, 0xB0,
			0xC0, 0x42, 0x09, 0xE0, 0x8B, 0xAA, 0xA0, 0xD4, 0x81, 0xAD, 0x3C, 0xE6,
			0x08, 0x95, 0xF2, 0x5D, 0xA9, 0x1C, 0x89, 0x44, 0x66, 0xF4, 0x06, 0x3D,
			0x68, 0xFF, 0xFE, 0xDE, 0xFF, 0x9E, 0xF7, 0xFC, 0x01, 0x5E, 0x3A, 0xFB,
			0x02, 0xAE, 0x5C, 0xB9, 0x24, 0x3A, 0x2E, 0xF5, 0x3F, 0x82, 0x07, 0x26,
			0x15, 0xD9, 0x89, 0x99, 0x84, 0xB8, 0x66, 0x65, 0x19, 0x73, 0xD3, 0x07,
			0x54, 0xAE, 0x30, 0x23, 0x8A, 0x62, 0x82, 0x61, 0x28, 0x39, 0x39, 0xEA,
			0x5F, 0xD1, 0x2D, 0xAA, 0x74, 0xB8, 0xAD, 0x0B, 0xF6, 0x1F, 0x1B, 0x40,
			0x52, 0x5C, 0xAC, 0xAE, 0x10, 0x43, 0xF5, 0x07, 0x70, 0x0D, 0xC2, 0xE3,
			0x71, 0xF2, 0x92, 0xDC, 0x2A, 0x15, 0xAB, 0xB2, 0xA9, 0xAD, 0xED, 0x0D,
			0xB1, 0x25, 0x2E, 0x8B, 0x31, 0x0C, 0xB1, 0x19, 0xDD, 0x59, 0xE6, 0xD5,
			0x7C, 0x03, 0xE7, 0xF5, 0xDC, 0x02, 0xAA, 0xD5, 0x49, 0x9C, 0xBC, 0xF1,
			0xF5, 0x23, 0x2C, 0xA1, 0x5A, 0xEA, 0xC6, 0x9E, 0x87, 0x6B, 0x11, 0xE9,
			0x71, 0x1D, 0x42, 0xDE, 0x56, 0xBB, 0x35, 0x92, 0x22, 0x1D, 0x7E, 0x30,
			0x84, 0xCD, 0xF4, 0xBE, 0xF4, 0x30, 0x02, 0xDA, 0xEF, 0x7C, 0xFC, 0x4F,
			0xF3, 0x61, 0x14, 0xE0, 0xC5, 0x33, 0xCF, 0xE3, 0xE2, 0xEA, 0x05, 0x89,
			0xC5, 0xA5, 0x2B, 0x84, 0x5D, 0x59, 0xAC, 0xBD, 0x67, 0x31, 0x92, 0x28,
			0xC0, 0xF2, 0xE2, 0x01, 0x1C, 0x98, 0x3F, 0x24, 0x68, 0x90, 0x71, 0x01,
			0x4B, 0x57, 0x84, 0x9C, 0xAC, 0xBE, 0xB2, 0xDC, 0xC5, 0x44, 0x25, 0xB3,
			0xAF, 0xA2, 0x6B, 0x59, 0x82, 0xC1, 0x70, 0x28, 0x55, 0x1E, 0x8D, 0x29,
			0x68, 0x16, 0x32, 0x99, 0x4E, 0x67, 0x1E, 0x9E, 0x79, 0x3A, 0xE2, 0x82,
			0x51, 0x48, 0x3A, 0x2E, 0x9B, 0x11, 0xB2, 0x91, 0xD8, 0x04, 0x4E, 0xE4,
			0xB8, 0x74, 0x97, 0x49, 0x67, 0xA9, 0x85, 0x7C, 0x04, 0xAB, 0x29, 0x2D,
			0x2C, 0xBF, 0xD5, 0xEA, 0x13, 0x98, 0x68, 0x10, 0x1A, 0xDF, 0x28, 0x06,
			0x97, 0x44, 0x26, 0xAA, 0xE4, 0x7C, 0x7C, 0x71, 0xF0, 0x3B, 0xE6, 0x24,
			0x19, 0xF1, 0x11, 0x07, 0xB0, 0x22, 0xC5, 0x2A, 0x11, 0x2B, 0xD7, 0x9E,
			0xC0, 0x77, 0x66, 0x92, 0x72, 0x68, 0xBF, 0xF5, 0xD1, 0xCF, 0xE4, 0xCC,
			0x9F, 0x31, 0xE2, 0x7A, 0xE9, 0xA5, 0xB3, 0x18, 0x0C, 0x03, 0x94, 0x3C,
			0x17, 0x79, 0xC6, 0xCA, 0x6C, 0x2A, 0x21, 0x71, 0x12, 0x0E, 0x71, 0x60,
			0x7E, 0x01, 0x07, 0x16, 0x0E, 0x4B, 0x9A, 0x5C, 0x92, 0x0C, 0x4C, 0x37,
			0x33, 0xD3, 0x92, 0x5B, 0xA2, 0x4F, 0x24, 0x1A, 0xB2, 0x18, 0x6E, 0x51,
			0xD9, 0x8F, 0x5E, 0x6F, 0x28, 0x1C, 0x64, 0x62, 0x83, 0x2A, 0x62, 0x5A,
			0x2A, 0x6B, 0x43, 0xE4, 0x47, 0x4E, 0x88, 0x05, 0x26, 0xAD, 0x72, 0x72,
			0xB5, 0x0F, 0x7F, 0xA8, 0x22, 0x39, 0x09, 0x89, 0x3D, 0x0F, 0xC1, 0x60,
			0xA8, 0xF2, 0xF7, 0xAC, 0x16, 0xE7, 0x99, 0xCA, 0xF4, 0x12, 0x5C, 0x0D,
			0x7D, 0x54, 0x2A, 0x75, 0x51, 0x99, 0x1B, 0x4F, 0xDC, 0x8C, 0x52, 0xB1,
			0x24, 0x76, 0x42, 0x1A, 0x28, 0x85, 0xA8, 0xD6, 0x48, 0xEC, 0x55, 0x37,
			0x29, 0x07, 0xBF, 0xA7, 0xFD, 0xE0, 0xBE, 0x28, 0x95, 0x0C, 0xDE, 0x54,
			0x43, 0x82, 0x0E, 0xED, 0x3F, 0xDE, 0xF7, 0x60, 0x1E, 0x44, 0x21, 0x76,
			0x9B, 0x3B, 0x78, 0xE9, 0xA7, 0x2F, 0xE1, 0xDC, 0xF9, 0x97, 0xE0, 0xDA,
			0x1E, 0xF2, 0x54, 0x05, 0x15, 0xA4, 0x20, 0xA2, 0x00, 0x45, 0xB7, 0x80,
			0x23, 0x47, 0x8E, 0x4A, 0x07, 0x98, 0x57, 0x60, 0xE5, 0x48, 0x71, 0x91,
			0x45, 0x4A, 0xB5, 0x88, 0xAA, 0xB6, 0x98, 0x96, 0x21, 0x62, 0x4A, 0xA4,
			0x48, 0x2E, 0x50, 0x44, 0x29, 0xBE, 0x54, 0x13, 0x85, 0xF3, 0x21, 0x1B,
			0x19, 0x8B, 0x2B, 0x37, 0x4A, 0x6B, 0x3F, 0xF6, 0x2C, 0x84, 0xBB, 0xAC,
			0x4C, 0x91, 0x53, 0xB2, 0x7E, 0x9C, 0x22, 0x8B, 0x13, 0x21, 0x2C, 0x53,
			0x5E, 0xFC, 0xBE, 0x56, 0x6B, 0x60, 0x66, 0x66, 0x01, 0xC7, 0xAE, 0xBF,
			0x41, 0x82, 0xB2, 0xB1, 0x9A, 0x91, 0x10, 0x54, 0x23, 0xEE, 0x8B, 0xDF,
			0x8D, 0xF5, 0x9D, 0x83, 0xEF, 0xFC, 0x9D, 0x6E, 0x98, 0xE8, 0x95, 0xC6,
			0x94, 0x6E, 0x5D, 0xFB, 0xFD, 0x3F, 0xFA, 0x4A, 0x9E, 0xEB, 0x40, 0xAB,
			0xD3, 0xC1, 0xA5, 0x2B, 0x97, 0xF0, 0x93, 0x9F, 0xFC, 0x48, 0x5A, 0x4F,
			0x68, 0xE5, 0x75, 0x81, 0xCF, 0x09, 0xF2, 0x38, 0x14, 0x00, 0xB2, 0x30,
			0xBF, 0x80, 0xC9, 0x89, 0x39, 0xC9, 0x16, 0xD9, 0x36, 0xAD, 0x35, 0x8B,
			0x10, 0x2C, 0x3B, 0xEB, 0x22, 0xDE, 0x74, 0x5D, 0x84, 0xAE, 0xBD, 0x7E,
			0x4F, 0x16, 0xE5, 0xA6, 0x54, 0x80, 0xA4, 0xF4, 0x97, 0x1B, 0xE0, 0x3B,
			0x39, 0x4C, 0x8E, 0x70, 0xB0, 0xCD, 0x8E, 0x05, 0x14, 0xEA, 0x2B, 0xBF,
			0x67, 0xEA, 0x5C, 0x5A, 0x5A, 0xD2, 0x54, 0x08, 0x13, 0xFA, 0x81, 0xE4,
			0x08, 0x99, 0x30, 0x11, 0xCE, 0x01, 0x92, 0x43, 0x58, 0x9C, 0x5F, 0xC1,
			0xCA, 0xCA, 0x11, 0x91, 0x0C, 0x51, 0x95, 0x51, 0xB8, 0x4B, 0x02, 0xD0,
			0x06, 0x70, 0xF0, 0x7B, 0x12, 0x9A, 0x84, 0xE0, 0x7A, 0x24, 0x0A, 0xDF,
			0xB9, 0x07, 0x21, 0x3C, 0x3B, 0x5C, 0x3F, 0xF1, 0x7B, 0x9F, 0xCF, 0x0D,
			0x69, 0x35, 0x89, 0xE5, 0x46, 0x5A, 0xE6, 0xED, 0x9D, 0x5D, 0xEC, 0x6C,
			0x6F, 0x09, 0xF4, 0x1C, 0xF4, 0x5B, 0xD0, 0x52, 0xF6, 0xF2, 0xA4, 0x98,
			0xA8, 0x37, 0x30, 0x3B, 0xB7, 0x28, 0x93, 0xBB, 0xAE, 0x25, 0xA5, 0xEF,
			0x54, 0xFA, 0x86, 0x98, 0x3E, 0xD7, 0x10, 0x8C, 0x90, 0x18, 0x4B, 0xDF,
			0xE3, 0x98, 0x80, 0x0B, 0x31, 0x9D, 0xCD, 0xB4, 0xD5, 0xD8, 0x47, 0xF3,
			0xA0, 0x54, 0x1B, 0xBE, 0x2B, 0x63, 0xC5, 0xCA, 0x8D, 0x21, 0x9C, 0x57,
			0xFE, 0x3F, 0x81, 0x5D, 0xF0, 0x10, 0x07, 0x0A, 0x58, 0x8D, 0x0F, 0x45,
			0xA2, 0xF0, 0xA0, 0x8D, 0xC6, 0x04, 0xE6, 0x67, 0x97, 0xB1, 0xB0, 0x70,
			0x50, 0x0E, 0xC8, 0x75, 0x78, 0x58, 0x5E, 0xC7, 0x75, 0x68, 0x93, 0xB8,
			0x1F, 0x1E, 0x9C, 0x83, 0x92, 0xC5, 0x9C, 0x01, 0x7F, 0xE7, 0xF5, 0x24,
			0x02, 0xE7, 0x13, 0xA2, 0xDC, 0x73, 0xEF, 0xFD, 0x39, 0x7F, 0x20, 0xB7,
			0x38, 0x11, 0xA9, 0x4E, 0x3F, 0xDE, 0xE9, 0x77, 0x71, 0xFA, 0xF4, 0x73,
			0xD8, 0x58, 0xBB, 0x88, 0x9C, 0x25, 0x6E, 0x31, 0x32, 0x06, 0xA6, 0xA7,
			0x66, 0xA4, 0x2C, 0xCE, 0xFA, 0x3A, 0xF5, 0x9E, 0xE6, 0x89, 0x06, 0x8B,
			0x8A, 0xC0, 0x7C, 0xBD, 0x74, 0x83, 0x6A, 0x54, 0x0D, 0xD5, 0xAC, 0x4C,
			0x2A, 0xD3, 0xBD, 0x29, 0x37, 0x36, 0x94, 0x75, 0xB8, 0x59, 0x6E, 0x8E,
			0x2F, 0x82, 0xA0, 0x31, 0x47, 0x78, 0x38, 0x4A, 0x0B, 0xF7, 0xC1, 0x7B,
			0x79, 0x1D, 0xDF, 0x39, 0x68, 0x27, 0x48, 0x3C, 0xE6, 0x1D, 0x27, 0x26,
			0xA6, 0xB0, 0xB0, 0xB0, 0x82, 0x89, 0xC6, 0xA4, 0xEA, 0x36, 0xA1, 0x8D,
			0x60, 0x47, 0xCB, 0x08, 0x5A, 0x73, 0x8C, 0xCF, 0xC4, 0xB9, 0x39, 0x0F,
			0xB1, 0x01, 0xD7, 0xE3, 0x5E, 0x98, 0x2A, 0x53, 0x5E, 0x20, 0x87, 0xF6,
			0xD1, 0x4F, 0x3D, 0xC0, 0x2A, 0xA2, 0x74, 0x54, 0xD0, 0x28, 0xF1, 0x07,
			0x02, 0x97, 0xF6, 0xB0, 0x2F, 0x76, 0xE1, 0xFC, 0xF9, 0xB3, 0xD8, 0xDE,
			0x5A, 0x43, 0xEC, 0xF7, 0xC5, 0xFF, 0xD3, 0xEA, 0x4E, 0x4F, 0x4E, 0x49,
			0xC7, 0x08, 0x23, 0x3A, 0x59, 0x58, 0xAA, 0xC7, 0xAC, 0x28, 0x09, 0xDC,
			0x97, 0x0D, 0x31, 0xE5, 0x34, 0x1E, 0xDC, 0x14, 0x89, 0xC5, 0x96, 0x18,
			0xD7, 0x2D, 0xC8, 0x45, 0x5C, 0x5C, 0x81, 0x2D, 0x55, 0x80, 0xE1, 0x20,
			0x01, 0xA4, 0x09, 0x6A, 0x54, 0x67, 0x18, 0x13, 0x93, 0x98, 0x83, 0x9B,
			0xE7, 0xEF, 0xE5, 0x72, 0x03, 0xAE, 0x53, 0xC0, 0xF2, 0xD2, 0x35, 0x62,
			0x60, 0x59, 0x55, 0xA6, 0x4A, 0x32, 0x9E, 0xE0, 0x3A, 0xBC, 0x9F, 0xD7,
			0x91, 0x00, 0x3C, 0x17, 0x2B, 0x5C, 0x9C, 0x8B, 0x04, 0x26, 0x06, 0x21,
			0xD7, 0x29, 0x6D, 0x63, 0x1B, 0xA1, 0x7D, 0xEA, 0xBE, 0x2F, 0xE5, 0x34,
			0x2C, 0xD4, 0x75, 0x5A, 0x67, 0x6E, 0x48, 0x5A, 0x5B, 0x12, 0x56, 0x56,
			0x7C, 0x0C, 0x82, 0x3E, 0xCE, 0x9D, 0x3B, 0x8B, 0x9F, 0x9E, 0xF9, 0x89,
			0x64, 0x58, 0x39, 0xEF, 0xE4, 0xD4, 0x94, 0xC2, 0xFB, 0x8E, 0xAB, 0xAA,
			0xAE, 0xA3, 0xB6, 0x59, 0x2E, 0x4A, 0x2E, 0x70, 0x72, 0x22, 0x40, 0x79,
			0x97, 0xE7, 0x05, 0x94, 0x51, 0xE2, 0x26, 0xF8, 0xCE, 0xEB, 0xB8, 0x59,
			0xAE, 0xC7, 0x17, 0xDD, 0x1E, 0xFF, 0xE6, 0xEF, 0x24, 0x0C, 0x0F, 0x40,
			0x22, 0xB1, 0xD7, 0x87, 0x86, 0x73, 0xAC, 0xD3, 0x34, 0xA8, 0x86, 0x6E,
			0x4B, 0x9C, 0xB1, 0xB8, 0x78, 0x58, 0x70, 0x07, 0x25, 0x8B, 0x68, 0x50,
			0x63, 0x49, 0x8F, 0x6B, 0x11, 0x01, 0x72, 0x5F, 0xEC, 0x66, 0xE3, 0x66,
			0xA9, 0x1E, 0xC2, 0x85, 0x5C, 0x35, 0x6A, 0xF2, 0x01, 0x0B, 0xA6, 0x05,
			0xD8, 0x3D, 0x12, 0x46, 0xD0, 0x3E, 0xFE, 0x7B, 0x9F, 0x6B, 0x19, 0xBA,
			0x56, 0x23, 0x72, 0xE3, 0x84, 0x9C, 0x80, 0xDC, 0x23, 0x21, 0x7C, 0x3F,
			0x94, 0xBC, 0x7E, 0xAB, 0xD3, 0xC6, 0x77, 0xBF, 0xFD, 0xBF, 0xD0, 0x6A,
			0x6E, 0xCA, 0x04, 0xCC, 0xE6, 0xF0, 0x61, 0x07, 0x66, 0x7E, 0xB8, 0x00,
			0x45, 0x8D, 0x9B, 0x26, 0x11, 0x58, 0x53, 0xE0, 0xA0, 0xBA, 0x8C, 0xD5,
			0x8A, 0x87, 0x1B, 0x1F, 0x70, 0xAC, 0xC7, 0xFC, 0x9B, 0x2E, 0x4B, 0x11,
			0x5D, 0x45, 0x8B, 0xE2, 0x71, 0xE4, 0xE0, 0xCA, 0xB2, 0x53, 0x54, 0x49,
			0x00, 0xFA, 0x6C, 0xDA, 0x19, 0x02, 0x18, 0x56, 0x80, 0xE6, 0xE6, 0x0E,
			0x62, 0xF9, 0xD0, 0x11, 0x09, 0xA1, 0x39, 0x0F, 0x0D, 0x2F, 0xAF, 0xE1,
			0x9A, 0x24, 0x08, 0x09, 0x40, 0x89, 0x53, 0x84, 0x63, 0xDD, 0x40, 0xF5,
			0x3B, 0x73, 0x6D, 0x7E, 0x47, 0xCE, 0xF3, 0xBE, 0x4E, 0xB7, 0xDB, 0xD6,
			0x3E, 0xFA, 0x9F, 0xFE, 0xF4, 0x39, 0x3E, 0x19, 0xC2, 0x16, 0x36, 0xA5,
			0x77, 0x14, 0x23, 0x75, 0x28, 0x8A, 0x28, 0xD5, 0x81, 0x79, 0xB5, 0xAD,
			0x8D, 0x75, 0xFC, 0xF0, 0xFB, 0x4F, 0x49, 0x0F, 0xF0, 0xEC, 0xFC, 0x02,
			0x1C, 0xE9, 0xF4, 0xF4, 0xD1, 0x1F, 0x76, 0x95, 0x78, 0x85, 0xA1, 0xE8,
			0x2F, 0x11, 0x17, 0xEF, 0x25, 0xB7, 0x48, 0x10, 0x1E, 0x84, 0x8B, 0xF3,
			0xC5, 0xC5, 0x69, 0xF8, 0x44, 0xF7, 0x04, 0xA8, 0x28, 0xB7, 0xC8, 0x75,
			0x79, 0x0F, 0x5F, 0x1C, 0x4A, 0x84, 0x0D, 0x69, 0xA8, 0xE0, 0x7D, 0xFC,
			0x9E, 0x41, 0x33, 0x1F, 0xC8, 0xA0, 0xFD, 0x59, 0x5A, 0x39, 0x8A, 0x99,
			0xD9, 0x59, 0x59, 0x4F, 0xC4, 0x58, 0xDA, 0xF3, 0x15, 0x31, 0xA8, 0x4E,
			0x12, 0xE7, 0x8F, 0x4A, 0x7A, 0x64, 0x12, 0xC3, 0x7B, 0xFE, 0xCD, 0xC1,
			0xEB, 0x19, 0x0B, 0x88, 0xFA, 0x69, 0xDA, 0xB7, 0xB5, 0x7B, 0x3E, 0xFE,
			0x27, 0xF7, 0xA5, 0x39, 0xDE, 0x4F, 0x02, 0x8C, 0xAD, 0x24, 0xFB, 0x80,
			0xC6, 0x5C, 0xA3, 0x0F, 0xA6, 0x72, 0xF3, 0xB1, 0x99, 0x7E, 0xAF, 0x87,
			0x21, 0xCB, 0x5D, 0xBB, 0x3B, 0x18, 0xF6, 0x99, 0xFC, 0x08, 0xD1, 0xDC,
			0x6F, 0x22, 0xF0, 0x03, 0x74, 0x3B, 0x6C, 0x92, 0x0C, 0x04, 0x73, 0x13,
			0xE9, 0x31, 0x37, 0x58, 0xAB, 0xD7, 0x46, 0x71, 0x05, 0xAB, 0x33, 0x2C,
			0x74, 0x30, 0x68, 0x1A, 0x8B, 0xBF, 0x7A, 0xA4, 0x86, 0x1C, 0xE3, 0x06,
			0xC5, 0x8E, 0xB0, 0xFD, 0x6D, 0xB4, 0x79, 0x62, 0x09, 0x12, 0x98, 0xD7,
			0x52, 0xC5, 0x88, 0x50, 0x4B, 0xC5, 0x0A, 0xEA, 0xF5, 0x29, 0xD4, 0x1A,
			0x93, 0x98, 0x9A, 0x9A, 0x12, 0xF7, 0xC9, 0xB9, 0x19, 0x37, 0x48, 0x3A,
			0xDF, 0xB6, 0x65, 0xED, 0x70, 0xC8, 0x7D, 0xE8, 0x30, 0x18, 0x67, 0x50,
			0x0A, 0xA8, 0x76, 0x12, 0x64, 0x29, 0x69, 0x63, 0x38, 0x4C, 0x43, 0x1F,
			0xC4, 0xC1, 0xA7, 0xB5, 0x0F, 0x7D, 0xFC, 0x8F, 0x6E, 0xB3, 0x35, 0xF3,
			0x49, 0x66, 0x78, 0x28, 0x52, 0xA5, 0xA2, 0xEA, 0x08, 0x21, 0x57, 0xF9,
			0xAE, 0x4B, 0x42, 0x31, 0x91, 0x7E, 0x61, 0x42, 0x55, 0xB6, 0xD3, 0x52,
			0x1A, 0xFC, 0x41, 0x5F, 0xE2, 0xF5, 0x9D, 0xED, 0x0D, 0x09, 0x44, 0x5E,
			0xBD, 0xF8, 0xAA, 0xB8, 0x20, 0xE6, 0x11, 0x68, 0xB1, 0x49, 0x48, 0x76,
			0x9C, 0x0A, 0xD2, 0x5C, 0x33, 0x00, 0x00, 0x04, 0x8E, 0x49, 0x44, 0x41,
			0x54, 0x93, 0x4B, 0xFC, 0xCC, 0x85, 0x49, 0x75, 0x4A, 0x01, 0x0F, 0xC5,
			0xC1, 0x83, 0x52, 0x4A, 0xC6, 0xE8, 0x8D, 0x9F, 0x79, 0x08, 0x5A, 0xEC,
			0x71, 0x0E, 0x81, 0x04, 0x62, 0xEA, 0xBC, 0xE0, 0x96, 0xA5, 0x2F, 0x98,
			0x18, 0x80, 0xF3, 0x32, 0x82, 0x54, 0x4C, 0x62, 0x25, 0x4B, 0xF5, 0x32,
			0x92, 0xC7, 0x5C, 0x8B, 0x4C, 0x93, 0xB6, 0x3D, 0xCF, 0xA5, 0x5E, 0xA9,
			0x9E, 0x42, 0x43, 0x17, 0x10, 0xC5, 0x3D, 0x90, 0xD8, 0x4C, 0xDE, 0x64,
			0x59, 0x74, 0xBB, 0xC8, 0xC5, 0xC7, 0x3E, 0xF1, 0x5F, 0x2F, 0xC6, 0x59,
			0xB6, 0x4C, 0xC5, 0xF7, 0x46, 0x21, 0x2E, 0xB9, 0x43, 0xB2, 0x8E, 0x0D,
			0x1B, 0x07, 0x45, 0x2A, 0x91, 0xAA, 0x6C, 0x80, 0xBD, 0x9D, 0x5D, 0x59,
			0x9C, 0xDD, 0x5E, 0x53, 0x93, 0x13, 0x58, 0xDF, 0xD8, 0x10, 0x14, 0xB8,
			0xD7, 0xDC, 0x11, 0x6B, 0x4B, 0xDD, 0xED, 0xF6, 0x46, 0x4F, 0x85, 0x8C,
			0x5C, 0x14, 0x0F, 0xC3, 0x77, 0x4A, 0x05, 0xE7, 0xE7, 0x01, 0xC6, 0x1C,
			0x67, 0x6B, 0x0D, 0xAF, 0x23, 0x1C, 0x66, 0x6D, 0x91, 0xD9, 0x66, 0xAA,
			0x11, 0x5B, 0x70, 0x1D, 0xCB, 0xC3, 0xF4, 0xD4, 0x9C, 0x70, 0x9C, 0x1D,
			0x28, 0x62, 0xF8, 0xD8, 0xE8, 0x38, 0x4A, 0x80, 0x10, 0x38, 0x49, 0xFF,
			0x92, 0xA4, 0xD5, 0x4D, 0xA9, 0x6A, 0x69, 0x54, 0x33, 0x4A, 0x01, 0x09,
			0xCD, 0xB6, 0x5D, 0x96, 0xCF, 0xF8, 0x4E, 0x8F, 0x42, 0xBB, 0x92, 0x26,
			0xAB, 0xF7, 0xDC, 0xF3, 0xBE, 0x15, 0x21, 0xC0, 0x87, 0xFE, 0xDD, 0xA7,
			0xEE, 0xD2, 0x35, 0xEB, 0x7E, 0xDE, 0xAC, 0x7C, 0xBB, 0x2E, 0x78, 0x40,
			0x7A, 0x7D, 0x19, 0xE8, 0x8F, 0xA0, 0x24, 0x17, 0x24, 0x87, 0x68, 0x23,
			0xD8, 0x61, 0x21, 0x94, 0x1C, 0xA1, 0x2C, 0x72, 0x98, 0xE0, 0x86, 0xD7,
			0xB1, 0xBD, 0x8D, 0x19, 0x9C, 0xE6, 0xFE, 0xB6, 0x3C, 0xEA, 0x96, 0xC4,
			0x2A, 0x0E, 0x9F, 0x9D, 0x9B, 0x97, 0xEB, 0x18, 0x9B, 0x13, 0xA8, 0x90,
			0xB8, 0xD2, 0x07, 0x9A, 0x53, 0xB7, 0xAB, 0xE2, 0x52, 0xD7, 0xD7, 0x2E,
			0xA1, 0xB9, 0xBB, 0x8B, 0x95, 0x95, 0x6B, 0x46, 0x11, 0x9C, 0x21, 0x49,
			0x58, 0xA6, 0xC8, 0x8A, 0x95, 0xB2, 0x18, 0xBA, 0x8C, 0xCD, 0xD6, 0x42,
			0x2C, 0x85, 0xF5, 0x49, 0x28, 0xB6, 0xCD, 0x51, 0x52, 0xC9, 0x44, 0x31,
			0xB2, 0x0C, 0xF2, 0xD9, 0x25, 0xC2, 0x2E, 0x02, 0xE2, 0x09, 0x9D, 0x55,
			0xAC, 0x40, 0x82, 0x35, 0x02, 0x2D, 0x43, 0xCB, 0xEF, 0xFA, 0xC8, 0x47,
			0xEE, 0x56, 0x0F, 0x4C, 0x70, 0x7C, 0xF0, 0xDF, 0xDE, 0xFB, 0x9C, 0x6B,
			0xD9, 0x27, 0xA9, 0xBB, 0xF4, 0xC3, 0xFE, 0x70, 0x28, 0xD9, 0x9F, 0x9C,
			0xAE, 0x44, 0x8C, 0xB4, 0x32, 0x5C, 0x34, 0x30, 0x6C, 0x4E, 0x22, 0xA7,
			0x68, 0xC1, 0xC7, 0x9C, 0x20, 0xA2, 0x23, 0xB7, 0x39, 0xF8, 0x99, 0x8D,
			0x11, 0xEC, 0x08, 0x6B, 0xEF, 0xB7, 0xE0, 0xFB, 0x7D, 0x54, 0xEB, 0x35,
			0x14, 0x8A, 0x9E, 0x24, 0x43, 0x98, 0xD8, 0x5C, 0x5F, 0x5F, 0x97, 0xD4,
			0x18, 0xA5, 0x8A, 0x19, 0x5C, 0xB6, 0xC1, 0xB0, 0x0F, 0x91, 0x25, 0x71,
			0x1E, 0xA0, 0x52, 0xAD, 0xA1, 0x56, 0xAD, 0x49, 0xE8, 0xCB, 0x35, 0xE8,
			0x05, 0xD8, 0x09, 0x42, 0xB7, 0x4A, 0x55, 0xE4, 0xA1, 0x38, 0xF8, 0x9B,
			0x92, 0x08, 0x95, 0x69, 0x66, 0x98, 0x4D, 0xFC, 0x20, 0x3D, 0xC7, 0x44,
			0x87, 0xA3, 0x4C, 0x51, 0x1A, 0xA9, 0xEE, 0x53, 0x55, 0xF6, 0xCF, 0x56,
			0xEF, 0xF9, 0x0F, 0xEF, 0x5D, 0xE1, 0xFD, 0x57, 0x09, 0xF0, 0x81, 0x0F,
			0x7D, 0x72, 0x19, 0xB1, 0xF6, 0x9C, 0xE3, 0x38, 0x35, 0x1E, 0x94, 0x87,
			0x27, 0x60, 0xF0, 0x46, 0x2E, 0x8B, 0xFA, 0x4D, 0x09, 0xF9, 0xBB, 0xA2,
			0xCB, 0x05, 0xB8, 0x0F, 0x7E, 0xC7, 0x4D, 0x70, 0x01, 0x4A, 0x04, 0xC7,
			0x78, 0x83, 0xBC, 0x96, 0x7A, 0x4F, 0x5B, 0x40, 0x49, 0x61, 0x80, 0xB1,
			0xD3, 0xDC, 0x96, 0x26, 0x89, 0x4A, 0xB9, 0x84, 0xBD, 0xBD, 0x7D, 0x91,
			0x1A, 0x16, 0x51, 0x29, 0x19, 0x5A, 0x6E, 0x4B, 0x92, 0x85, 0x77, 0xD3,
			0x63, 0xD0, 0xC0, 0x89, 0x2D, 0x22, 0xE7, 0x46, 0x89, 0x0C, 0xCE, 0xC5,
			0xC1, 0x22, 0x8B, 0xFA, 0x5B, 0x3D, 0x57, 0x40, 0xE9, 0x20, 0x41, 0xF8,
			0x79, 0xBC, 0x2E, 0x89, 0x49, 0xF5, 0xE0, 0xBE, 0x14, 0xD3, 0xD0, 0x2E,
			0x15, 0xDD, 0x9B, 0x3E, 0xFC, 0xE1, 0xF7, 0xFE, 0xEC, 0x43, 0x53, 0x1C,
			0x77, 0xFF, 0x9B, 0x8F, 0xDD, 0x65, 0xC0, 0xBC, 0x5F, 0xB5, 0x98, 0xE5,
			0x62, 0x51, 0x75, 0x22, 0x35, 0x41, 0x79, 0xD4, 0x53, 0x55, 0xB6, 0x22,
			0x81, 0x78, 0x40, 0xBE, 0xD3, 0xFF, 0xF2, 0xC5, 0xCD, 0x8B, 0x78, 0xCA,
			0x43, 0x94, 0x0A, 0x8B, 0x73, 0x13, 0x82, 0xD2, 0x24, 0x33, 0xA3, 0xD0,
			0x1E, 0x39, 0x48, 0x42, 0x30, 0xAD, 0x26, 0x40, 0x65, 0x14, 0x11, 0xF2,
			0x90, 0x34, 0x66, 0xBC, 0x56, 0x9A, 0xFB, 0x18, 0x70, 0xB3, 0x33, 0x9C,
			0x4F, 0x80, 0x09, 0x37, 0xF5, 0xAB, 0xD7, 0x11, 0x83, 0xA8, 0xB5, 0x33,
			0x81, 0xD7, 0x9C, 0x5B, 0x12, 0x48, 0xA3, 0x34, 0xD8, 0x18, 0x7C, 0x91,
			0x61, 0xCC, 0x09, 0x70, 0x2E, 0x55, 0x72, 0x8B, 0x99, 0x6C, 0x7D, 0xF7,
			0x27, 0x3F, 0xF9, 0xC1, 0xAB, 0xCF, 0x0E, 0xFE, 0x0C, 0x01, 0x38, 0xDE,
			0xFB, 0xBE, 0x8F, 0xDF, 0x99, 0x6A, 0xE9, 0xFD, 0xBA, 0xA6, 0xD5, 0x2C,
			0x3E, 0xE8, 0x34, 0xEA, 0xE1, 0x1F, 0xBF, 0xB8, 0x08, 0x37, 0xC1, 0xC1,
			0xCF, 0xDC, 0x04, 0x9B, 0x91, 0xB8, 0x67, 0xC5, 0x75, 0x25, 0x29, 0x63,
			0x09, 0xE0, 0xC6, 0xC6, 0x04, 0xE3, 0x7D, 0x24, 0x96, 0xD2, 0x29, 0x26,
			0x24, 0x14, 0x18, 0xE2, 0x1C, 0xE4, 0x0E, 0x37, 0xCF, 0x4D, 0xD2, 0xB8,
			0xD2, 0x9D, 0xF2, 0x1A, 0x1E, 0x7A, 0xAC, 0x5A, 0xB2, 0x5D, 0x49, 0x93,
			0x29, 0x9C, 0x40, 0x5B, 0x45, 0xCB, 0x26, 0xC4, 0x96, 0x84, 0x0B, 0xC5,
			0x5C, 0xC1, 0xE8, 0x31, 0xCA, 0x24, 0xE7, 0x45, 0x82, 0x4C, 0xAD, 0xAD,
			0x65, 0xE9, 0x07, 0xEF, 0xBD, 0xF7, 0xB7, 0x1F, 0x18, 0x4D, 0x26, 0xE3,
			0xEF, 0x11, 0x80, 0xE3, 0x03, 0x1F, 0xF8, 0xE4, 0x72, 0x14, 0x87, 0x4F,
			0x6A, 0x1A, 0x96, 0x0D, 0x53, 0x55, 0x54, 0x78, 0x00, 0x12, 0x40, 0x1D,
			0x7E, 0x5C, 0xFC, 0x54, 0xCF, 0xF6, 0xFD, 0xED, 0xE1, 0x14, 0xB1, 0xF8,
			0x59, 0xF5, 0x1A, 0x53, 0x4A, 0x14, 0xD0, 0xF9, 0xDB, 0x41, 0x9F, 0xAC,
			0x5A, 0x19, 0xA9, 0x56, 0x3C, 0xA8, 0x92, 0x04, 0x65, 0x14, 0x45, 0xFD,
			0x08, 0xC0, 0x24, 0x8E, 0x27, 0x97, 0x59, 0x3C, 0x51, 0x12, 0xC6, 0x67,
			0x12, 0xB9, 0x1E, 0x33, 0xD1, 0x1C, 0xCC, 0x33, 0x32, 0xC1, 0x42, 0x17,
			0x4A, 0x7C, 0xCB, 0xF5, 0xB9, 0x20, 0xDD, 0x1D, 0x09, 0xC7, 0xB9, 0x44,
			0x6D, 0x4C, 0xE3, 0x74, 0xC9, 0x73, 0xDE, 0x7D, 0xEF, 0xBD, 0x1F, 0xFE,
			0x87, 0x1F, 0x9D, 0xFD, 0xBB, 0xE3, 0xEE, 0xBB, 0xEF, 0xB9, 0x4B, 0xB3,
			0xB2, 0xDF, 0x45, 0x96, 0x2F, 0x93, 0x0B, 0xEC, 0xDD, 0xA3, 0x51, 0xA1,
			0xE2, 0xD3, 0xE5, 0x09, 0x00, 0x51, 0xB2, 0xA7, 0x8C, 0x20, 0xA5, 0x61,
			0x94, 0xB9, 0xE1, 0xA1, 0xC6, 0x48, 0x8F, 0x06, 0x8A, 0x1C, 0x66, 0x98,
			0xCA, 0x0D, 0xF2, 0xBC, 0xE2, 0xAE, 0xF8, 0x6F, 0x24, 0x59, 0x63, 0x91,
			0x26, 0x67, 0x29, 0x3C, 0x63, 0xE9, 0x92, 0x48, 0x8F, 0xE0, 0x29, 0x4F,
			0x25, 0xED, 0xC6, 0xDF, 0xE4, 0x69, 0x90, 0x11, 0x87, 0xA5, 0x3B, 0x44,
			0x58, 0x41, 0x29, 0x52, 0x58, 0x46, 0xA9, 0xA2, 0xFC, 0xBD, 0x1A, 0x27,
			0xC9, 0x3D, 0x7F, 0xFC, 0x87, 0x1F, 0xFB, 0xFF, 0x7B, 0x78, 0xFA, 0xFF,
			0x1C, 0xEF, 0x79, 0xDF, 0x87, 0x6E, 0x43, 0xA6, 0xDF, 0x19, 0xF8, 0xFE,
			0x8D, 0x9D, 0x4E, 0xEB, 0x64, 0x9A, 0xC6, 0x35, 0xC9, 0xDA, 0x8A, 0x28,
			0x2B, 0xF1, 0xE6, 0xA0, 0xFE, 0x4B, 0xF6, 0x97, 0x1C, 0x92, 0x40, 0x48,
			0x49, 0x0D, 0x5B, 0xD7, 0x48, 0x40, 0x62, 0x76, 0x9E, 0x80, 0xC2, 0xC3,
			0x7C, 0x9C, 0x1C, 0x7C, 0x64, 0x07, 0xB8, 0x61, 0x65, 0xF0, 0xD8, 0xEF,
			0xA7, 0xB8, 0x49, 0xA2, 0xD0, 0x93, 0x4B, 0x83, 0xF6, 0xE8, 0x61, 0x6C,
			0x2E, 0xCB, 0x84, 0x2D, 0x25, 0x90, 0x44, 0xE6, 0xDA, 0x42, 0x5C, 0x31,
			0xC8, 0x7A, 0xDB, 0x71, 0xDC, 0xD5, 0x99, 0xB9, 0xC5, 0xA7, 0x4C, 0xC4,
			0xA7, 0xEE, 0xBB, 0xEF, 0x13, 0xFF, 0xE0, 0xE3, 0xF3, 0xFF, 0x1B, 0xB8,
			0x65, 0x76, 0xA7, 0x52, 0xF0, 0x1C, 0x39, 0x00, 0x00, 0x00, 0x00, 0x49,
			0x45, 0x4E, 0x44, 0xAE, 0x42, 0x60, 0x82
		};

	} // namespace images

	void menu::initialize_graphics( )
	{
		if ( this->m_intro_base_graphics_ready )
		{
			return;
		}

		constexpr auto icon_target{ 16.0f };
		this->m_textures.logo.resource = xdraw::load_svg( svgs::logo, icon_target / 24.0f, &this->m_textures.logo.width, &this->m_textures.logo.height );

		constexpr float k_intro_logo_view_w{ 4421.68f };
		constexpr float k_intro_logo_px_w{ 240.0f };
		this->m_textures.intro_splash.resource = xdraw::load_svg(
			svgs::intro_splash_logo,
			k_intro_logo_px_w / k_intro_logo_view_w,
			&this->m_textures.intro_splash.width,
			&this->m_textures.intro_splash.height
		);
		this->m_textures.search.resource = xdraw::load_svg( svgs::search, icon_target / 24.0f, &this->m_textures.search.width, &this->m_textures.search.height );
		this->m_textures.settings.resource = xdraw::load_svg( svgs::settings, icon_target / 24.0f, &this->m_textures.settings.width, &this->m_textures.settings.height );

		constexpr float k_dock_icon_scale{ 16.0f / 24.0f };
		this->m_textures.dock_main.resource = xdraw::load_svg( svgs::dock_main, k_dock_icon_scale, &this->m_textures.dock_main.width, &this->m_textures.dock_main.height );
		this->m_textures.dock_skins.resource = xdraw::load_svg( svgs::tab_skins, k_dock_icon_scale, &this->m_textures.dock_skins.width, &this->m_textures.dock_skins.height );
		this->m_textures.dock_lua.resource = xdraw::load_svg( svgs::dock_lua, k_dock_icon_scale, &this->m_textures.dock_lua.width, &this->m_textures.dock_lua.height );
		this->m_textures.dock_console.resource = xdraw::load_svg( svgs::dock_console, k_dock_icon_scale, &this->m_textures.dock_console.width, &this->m_textures.dock_console.height );
		this->m_textures.dock_docs.resource = xdraw::load_svg( svgs::dock_docs, k_dock_icon_scale, &this->m_textures.dock_docs.width, &this->m_textures.dock_docs.height );
		this->m_textures.dock_players.resource = xdraw::load_svg( svgs::dock_players, k_dock_icon_scale, &this->m_textures.dock_players.width, &this->m_textures.dock_players.height );
		this->m_textures.dock_save.resource = xdraw::load_svg( svgs::dock_save, k_dock_icon_scale, &this->m_textures.dock_save.width, &this->m_textures.dock_save.height );
		this->m_textures.dock_power.resource = xdraw::load_svg( svgs::dock_power, k_dock_icon_scale, &this->m_textures.dock_power.width, &this->m_textures.dock_power.height );

		this->m_textures.lua_icon.resource = xdraw::load_svg( svgs::lua_icon, k_dock_icon_scale, &this->m_textures.lua_icon.width, &this->m_textures.lua_icon.height );
		this->m_textures.lua_docs.resource = xdraw::load_svg( svgs::lua_docs, k_dock_icon_scale, &this->m_textures.lua_docs.width, &this->m_textures.lua_docs.height );
		this->m_textures.lua_copy.resource = xdraw::load_svg( svgs::lua_copy, k_dock_icon_scale, &this->m_textures.lua_copy.width, &this->m_textures.lua_copy.height );
		this->m_textures.lua_clear.resource = xdraw::load_svg( svgs::lua_clear, k_dock_icon_scale, &this->m_textures.lua_clear.width, &this->m_textures.lua_clear.height );
		this->m_textures.lua_play.resource = xdraw::load_svg( svgs::lua_play, k_dock_icon_scale, &this->m_textures.lua_play.width, &this->m_textures.lua_play.height );
		this->m_textures.lua_reload.resource = xdraw::load_svg( svgs::lua_reload, k_dock_icon_scale, &this->m_textures.lua_reload.width, &this->m_textures.lua_reload.height );
		this->m_textures.lua_minus.resource = xdraw::load_svg( svgs::lua_minus, k_dock_icon_scale, &this->m_textures.lua_minus.width, &this->m_textures.lua_minus.height );

		constexpr float k_cfg_icon_scale{ 14.0f / 24.0f };
		this->m_textures.cfg_folder_on.resource = xdraw::load_svg( svgs::cfg_folder_black, k_cfg_icon_scale, &this->m_textures.cfg_folder_on.width, &this->m_textures.cfg_folder_on.height );
		this->m_textures.cfg_folder_off.resource = xdraw::load_svg( svgs::cfg_folder_dim, k_cfg_icon_scale, &this->m_textures.cfg_folder_off.width, &this->m_textures.cfg_folder_off.height );
		this->m_textures.cfg_cloud_on.resource = xdraw::load_svg( svgs::cfg_cloud_black, k_cfg_icon_scale, &this->m_textures.cfg_cloud_on.width, &this->m_textures.cfg_cloud_on.height );
		this->m_textures.cfg_cloud_off.resource = xdraw::load_svg( svgs::cfg_cloud_dim, k_cfg_icon_scale, &this->m_textures.cfg_cloud_off.width, &this->m_textures.cfg_cloud_off.height );
		this->m_textures.cfg_plus.resource = xdraw::load_svg( svgs::cfg_plus, k_cfg_icon_scale, &this->m_textures.cfg_plus.width, &this->m_textures.cfg_plus.height );

		constexpr auto tab_target{ 22.0f };
		constexpr std::array<const char*, 6> tab_svgs{
			svgs::tab_rage,
			svgs::tab_legit,
			svgs::tab_player,
			svgs::tab_world,
			svgs::tab_misc,
			svgs::tab_config
		};
		for ( auto i = 0; i < 6; ++i )
		{
			this->m_textures.tabs[ i ].resource = xdraw::load_svg( tab_svgs[ i ], tab_target / 24.0f, &this->m_textures.tabs[ i ].width, &this->m_textures.tabs[ i ].height );
		}

		this->m_textures.cat_overlay.resource = xdraw::load_texture(
			std::span<const std::byte>( reinterpret_cast<const std::byte*>( resources::images::cat_overlay ), sizeof( resources::images::cat_overlay ) ),
			&this->m_textures.cat_overlay.width, &this->m_textures.cat_overlay.height );

		this->m_textures.fw_logo_static.resource = xdraw::load_texture(
			std::span<const std::byte>( reinterpret_cast<const std::byte*>( resources::images::fw_logo_static ), sizeof( resources::images::fw_logo_static ) ),
			&this->m_textures.fw_logo_static.width, &this->m_textures.fw_logo_static.height );

		this->m_textures.fw_logo_glow = xdraw::load_gif(
			std::span<const std::byte>( reinterpret_cast<const std::byte*>( resources::images::fw_logo_glow ), sizeof( resources::images::fw_logo_glow ) ) );

		this->m_textures.fw_logo_spin = xdraw::load_gif(
			std::span<const std::byte>( reinterpret_cast<const std::byte*>( resources::images::fw_logo_spin ), sizeof( resources::images::fw_logo_spin ) ) );

		this->m_textures.fw_logo_spin_glow = xdraw::load_gif(
			std::span<const std::byte>( reinterpret_cast<const std::byte*>( resources::images::fw_logo_spin_glow ), sizeof( resources::images::fw_logo_spin_glow ) ) );

		this->apply_theme_preset( 0 );
		this->m_intro_base_graphics_ready = true;
	}

	void menu::rebuild_search_index( )
	{
		this->m_search_entries.clear( );

		struct raw_feature
		{
			const char* name;
			const char* category;
			int tab;
			int subtab;
		};

		static const raw_feature k_catalog[] = {
			// Ragebot (Tab 0)
			{ "Aimbot Enabled", "Rage · Aimbot", 0, 0 },
			{ "Silent Aim", "Rage · Aimbot", 0, 0 },
			{ "Auto Fire", "Rage · Aimbot", 0, 0 },
			{ "Auto Wall & Penetration", "Rage · Aimbot", 0, 0 },
			{ "Hitchance Threshold", "Rage · Accuracy", 0, 0 },
			{ "Minimum Damage", "Rage · Accuracy", 0, 0 },
			{ "Damage Override Key", "Rage · Accuracy", 0, 0 },
			{ "Target Selection (FOV / Health / Distance)", "Rage · Targeting", 0, 0 },
			{ "Multipoints (Head / Chest / Pelvis / Limbs)", "Rage · Hitscan", 0, 0 },
			{ "Dynamic Pointscale", "Rage · Hitscan", 0, 0 },
			{ "Head Priority on Low HP", "Rage · Hitscan", 0, 0 },
			{ "Double Tap (Rapid Fire Exploits)", "Rage · Exploits", 0, 0 },
			{ "Anti-Aim (Pitch Down / Fake Up)", "Rage · Anti-Aim", 0, 0 },
			{ "Yaw Base, Jitter & Desync", "Rage · Anti-Aim", 0, 0 },
			{ "Manual Direction Keys (Left / Right / Back)", "Rage · Anti-Aim", 0, 0 },
			{ "Fakelag Choke & Variance", "Rage · Fakelag", 0, 0 },
			{ "Resolver & Anti-Freestanding", "Rage · Resolver", 0, 0 },
			{ "Combat Badges", "Rage · Indicators", 0, 0 },

			// Legitbot (Tab 1)
			{ "Legitbot Master Switch", "Legit · Aimbot", 1, 0 },
			{ "Smooth Factor (Humanization)", "Legit · Aimbot", 1, 0 },
			{ "Field of View (FOV)", "Legit · Aimbot", 1, 0 },
			{ "Target Bone (Head / Neck / Chest)", "Legit · Aimbot", 1, 0 },
			{ "Humanized Reaction Delay", "Legit · Aimbot", 1, 0 },
			{ "Recoil Control System (RCS)", "Legit · Recoil", 1, 0 },
			{ "Triggerbot & Reaction Time", "Legit · Triggerbot", 1, 0 },
			{ "Backtrack (Up to 200ms)", "Legit · Backtrack", 1, 0 },

			// Player ESP / Visuals (Tab 2)
			{ "Player ESP Master", "Visuals · Enemies", 2, 0 },
			{ "Bounding Box (Corner / Full)", "Visuals · Enemies", 2, 0 },
			{ "Player Name Tag", "Visuals · Enemies", 2, 0 },
			{ "Health Bar & Number", "Visuals · Enemies", 2, 0 },
			{ "Armor Bar", "Visuals · Enemies", 2, 0 },
			{ "Active Weapon Name & Icon", "Visuals · Enemies", 2, 0 },
			{ "Ammo Bar", "Visuals · Enemies", 2, 0 },
			{ "Skeleton ESP", "Visuals · Enemies", 2, 0 },
			{ "Skeleton Head Dot", "Visuals · Enemies", 2, 0 },
			{ "Visible Only Filter", "Visuals · Enemies", 2, 0 },
			{ "ESP Max Distance Filter", "Visuals · Enemies", 2, 0 },
			{ "Name Background Plate", "Visuals · Enemies", 2, 0 },
			{ "Weapon Icon Scale", "Visuals · Enemies", 2, 0 },
			{ "Offscreen Target Indicators", "Visuals · Enemies", 2, 0 },
			{ "3D Sound ESP & Footstep Rings", "Visuals · Enemies", 2, 0 },
			{ "Visible Chams (Flat / Textured / Glow)", "Visuals · Chams", 2, 0 },
			{ "Invisible / Occluded Chams", "Visuals · Chams", 2, 0 },
			{ "Backtrack Record Chams", "Visuals · Chams", 2, 0 },
			{ "On-Shot Hit Model Chams", "Visuals · Chams", 2, 0 },
			{ "Teammate / Ally ESP", "Visuals · Allies", 2, 1 },
			{ "Local Player Chams & Glow", "Visuals · Local", 2, 2 },

			// World & Environment (Tab 3)
			{ "World Dropped Weapons ESP", "World · Dropped Items", 3, 0 },
			{ "Grenade ESP & Trajectory Trail", "World · Projectiles", 3, 0 },
			{ "Projectile Trajectory Simulation", "World · Projectiles", 3, 0 },
			{ "C4 Bomb Timer & Defuse Bar", "World · Objectives", 3, 0 },
			{ "Smoke Timer & 3D Ground Ring", "World · Grenades", 3, 0 },
			{ "Night Mode World Dimming", "World · Atmosphere", 3, 1 },
			{ "Custom Skybox Textures", "World · Atmosphere", 3, 1 },
			{ "Atmospheric Lighting Tint", "World · Lighting", 3, 1 },
			{ "Dynamic Lighting", "World · Lighting", 3, 1 },
			{ "Volumetric Fog Density & Tint", "World · Atmosphere", 3, 1 },
			{ "Thirdperson Camera & Distance", "World · View", 3, 2 },
			{ "Field of View (FOV) Override", "World · View", 3, 2 },
			{ "Viewmodel FOV & Offset", "World · View", 3, 2 },
			{ "Aspect Ratio Override", "World · View", 3, 2 },
			{ "Flashbang & Smoke Removals", "World · Removals", 3, 2 },
			{ "Weather System (Rain / Snow / Stars)", "World · Weather", 3, 3 },
			{ "China Hat Cosmetics", "World · Cosmetics", 3, 4 },
			{ "Jump Rings Effect", "World · Cosmetics", 3, 4 },
			{ "Atmospheric Motes", "World · Cosmetics", 3, 4 },
			{ "Motion Trails", "World · Cosmetics", 3, 4 },

			// Skin Changer (Dedicated Window)
			{ "Weapon Skins (AK-47, M4, AWP, Deagle)", "Skin Changer · Guns", -1, 0 },
			{ "Knife Model & Paint Kit Changer", "Skin Changer · Knives", -1, 1 },
			{ "Glove Model & Texture Changer", "Skin Changer · Gloves", -1, 2 },
			{ "Custom Agent Models (CT & T)", "Skin Changer · Agents", -1, 3 },
			{ "Wear (Float) Adjustment", "Skin Changer · Customizer", -1, 0 },
			{ "Pattern Seed Override", "Skin Changer · Customizer", -1, 0 },
			{ "StatTrak Kill Counter", "Skin Changer · Customizer", -1, 0 },
			{ "3D Free Sticker Placement", "Skin Changer · Customizer", -1, 0 },
			{ "3D Free Charm Placement", "Skin Changer · Customizer", -1, 0 },

			// Miscellaneous (Tab 4)
			{ "Bunnyhop (Auto Hop)", "Misc · Movement", 4, 0 },
			{ "Auto Strafer (Directional)", "Misc · Movement", 4, 0 },
			{ "Fast Ladder & Jump Bug", "Misc · Movement", 4, 0 },
			{ "Edge Bug & Edge Jump", "Misc · Movement", 4, 0 },
			{ "Slow Walk", "Misc · Movement", 4, 0 },
			{ "Velocity Speedometer & Graph", "Misc · Movement", 4, 0 },
			{ "Hit Sound (Bell / Click / Custom)", "Misc · Audio", 4, 1 },
			{ "Bullet Beams & Laser Tracers", "Misc · Effects", 4, 1 },
			{ "Bullet Impacts & Spark Effects", "Misc · Effects", 4, 1 },
			{ "Floating Damage Indicators", "Misc · Effects", 4, 1 },
			{ "Hit Markers & Hit Effects", "Misc · Effects", 4, 1 },
			{ "Crosshair & Scope Overlays", "Misc · Reticles", 4, 1 },
			{ "Recoil Dot & Spread Circle", "Misc · Reticles", 4, 1 },
			{ "Penetration Crosshair", "Misc · Reticles", 4, 1 },
			{ "Watermark HUD (FPS / Ping / Sub-Tick)", "Misc · HUD", 4, 2 },
			{ "Keybind States List", "Misc · HUD", 4, 2 },
			{ "Spectator List & Enemy Spectate", "Misc · HUD", 4, 2 },
			{ "FemWare Logo Widget", "Misc · HUD", 4, 2 },
			{ "Spotify Media Player", "Misc · HUD", 4, 2 },
			{ "Streamproof Protection", "Misc · HUD", 4, 2 },
			{ "Auto Buy Loadout", "Misc · General", 4, 3 },
			{ "Clan Tag Changer", "Misc · General", 4, 3 },
			{ "Discord Rich Presence", "Misc · General", 4, 3 },
			{ "Auto Accept Matches", "Misc · General", 4, 3 },
			{ "Preserve Killfeed", "Misc · General", 4, 3 },

			// Config & Workspace (Tab 5)
			{ "Save / Load Configuration", "Config · Files", 5, 0 },
			{ "Create New Config Profile", "Config · Files", 5, 0 },
			{ "Export to Windows Clipboard", "Config · Files", 5, 0 },
			{ "Import from Windows Clipboard", "Config · Files", 5, 0 },
			{ "Unsafe Mode & Theme Settings", "Config · Settings", 5, 1 }
		};

		for ( const auto& r : k_catalog )
		{
			search_entry entry{};
			entry.name = r.name;
			entry.category = r.category;
			entry.name_lower = detail::to_lower_copy( entry.name );
			entry.category_lower = detail::to_lower_copy( entry.category );
			entry.tab = r.tab;
			entry.subtab = r.subtab;
			entry.bind_key = 0;
			this->m_search_entries.emplace_back( std::move( entry ) );
		}
	}

	void menu::close_search( )
	{
		this->m_search_open = false;
		this->m_search_query.clear( );
		this->m_search_visible_indices.clear( );
	}

	void menu::activate_search_result( const std::size_t index )
	{
		if ( index >= this->m_search_visible_indices.size( ) )
		{
			return;
		}

		const auto& chosen = this->m_search_entries[ this->m_search_visible_indices[ index ] ];
		if ( chosen.tab < 0 )
		{
			this->m_show_skins = true;
			this->close_search( );
			return;
		}
		this->m_tab = std::clamp( chosen.tab, 0, 5 );
		this->m_subtab = std::clamp( chosen.subtab, 0, k_subtab_defs[ this->m_tab ].count - 1 );
		xui::set_highlight_target( chosen.name, 1.2f );
		this->close_search( );
	}

	void menu::draw_search_results( float x, float y, float w, float h )
	{
		xui::layout::set_cursor( x - this->m_x, y - this->m_y );

		if ( this->m_search_entries.empty( ) )
		{
			this->rebuild_search_index( );
		}

		// Interactive Search Bar Input
		xui::text_input( "##menu_search_input", this->m_search_query, 128, "Search features (e.g. aimbot, chams, hitsound, night mode, skins, bhop)..." );
		xui::layout::spacing( 6.0f );

		this->m_search_visible_indices.clear( );
		auto query_lower = detail::to_lower_copy( this->m_search_query );

		for ( std::size_t i = 0; i < this->m_search_entries.size( ); ++i )
		{
			const auto& it = this->m_search_entries[ i ];
			if ( query_lower.empty( ) || it.name_lower.find( query_lower ) != std::string::npos || it.category_lower.find( query_lower ) != std::string::npos )
			{
				this->m_search_visible_indices.emplace_back( i );
				if ( this->m_search_visible_indices.size( ) >= 50 )
				{
					break;
				}
			}
		}

		constexpr float input_field_h = 24.0f;
		const float list_h = std::max( 100.0f, h - input_field_h - 10.0f );

		if ( xui::begin_child( "##menu_search_results", w, list_h, true ) )
		{
			auto& dl = xui::draw::current( );

			for ( std::size_t i = 0; i < this->m_search_visible_indices.size( ); ++i )
			{
				const auto& item = this->m_search_entries[ this->m_search_visible_indices[ i ] ];

				const auto avail_w = xui::layout::avail( ).first;
				constexpr auto row_h = 38.0f;
				const auto row = xui::layout::item( avail_w, row_h );
				const auto hovered = xui::ctx( ).input.in_rect( row );
				const auto row_anim = xui::anim::lerp( xui::fnv1a( "search_row" ) + static_cast< std::uintptr_t >( i ), hovered ? 1.0f : 0.0f, 12.0f );

				const auto row_bg = xui::lerp( tokens::col_card, tokens::col_accent.alpha( 70 ), row_anim * 0.4f );
				dl.rect_filled( row.x, row.y, row.w, row.h, row_bg, xdraw::corner_radius{ tokens::round_md } );
				if ( hovered )
				{
							dl.rect( row.x, row.y, row.w, row.h, tokens::col_accent.alpha( 120 ), xdraw::corner_radius{ tokens::round_md }, 1.0f );
				}

				const auto label_col = hovered ? tokens::col_accent : tokens::col_text;
				const auto sub_col = tokens::col_text_dim;

				dl.text( row.x + 10.0f, row.y + 4.0f, item.name, label_col );
				dl.text( row.x + 10.0f, row.y + 20.0f, item.category, sub_col.alpha( 180 ) );

				const auto [jw, jh] = xdraw::measure_text( "JUMP →" );
				const float jx = row.right( ) - jw - 12.0f;
				const float jy = row.y + std::floor( ( row_h - jh ) * 0.5f );
				dl.text( jx, jy, "JUMP →", hovered ? tokens::col_accent : tokens::col_text_dim );

				if ( hovered && xui::ctx( ).input.mouse_clicked && !xui::ctx( ).overlay_blocking( ) )
				{
					this->activate_search_result( i );
					break;
				}
			}

			if ( this->m_search_visible_indices.empty( ) )
			{
				const auto row = xui::layout::item( xui::layout::avail( ).first, 30.0f );
				dl.text( row.x + 10.0f, row.y + 8.0f, "No features match your query.", tokens::col_text_dim );
			}

			xui::end_child( );
		}

		if ( !this->m_search_visible_indices.empty( ) )
		{
			for ( const auto vk : xui::ctx( ).input.key_presses( ) )
			{
				if ( vk == VK_RETURN )
				{
					this->activate_search_result( 0 );
					break;
				}
			}
		}
	}

	bool menu::draw_intro( )
	{
		if ( this->m_intro_finished )
		{
			return false;
		}

		const float dt = xdraw::delta_time( );
		this->m_intro_elapsed += dt;
		this->m_intro_bar_phase += dt;

		const auto [screen_w, screen_h] = xdraw::viewport_size( );
		const float sw = static_cast< float >( screen_w );
		const float sh = static_cast< float >( screen_h );

		auto& dl = xdraw::get( xdraw::layer::top );

		const auto smoothstep = [ ]( float edge0, float edge1, float x ) -> float
			{
				const auto t = std::clamp( ( x - edge0 ) / ( edge1 - edge0 ), 0.0f, 1.0f );
				return t * t * ( 3.0f - 2.0f * t );
			};

		const bool pack_ready = g_context.ui_assets_ready( );

		if ( pack_ready && this->m_intro_assets_ready_at < 0.0f )
		{
			this->m_intro_assets_ready_at = this->m_intro_elapsed;
		}

		if ( this->m_intro_assets_ready_at >= 0.0f )
		{
			this->m_intro_finished = true;
			return false;
		}

		dl.rect_filled( 0.0f, 0.0f, sw, sh, xdraw::color{ 36, 36, 40, 153 } );

		const auto reveal = smoothstep( 0.0f, 0.30f, this->m_intro_elapsed );

		float anchor_x{};
		float anchor_y{};
		float anchor_w{};
		float anchor_bottom{};

		if ( this->m_textures.intro_splash.resource )
		{
			auto tex_w = static_cast< float >( this->m_textures.intro_splash.width );
			auto tex_h = static_cast< float >( this->m_textures.intro_splash.height );
			if ( tex_w > 0.0f && tex_h > 0.0f )
			{
				const auto target_max = sw * 0.28f;
				auto draw_w = tex_w;
				auto draw_h = tex_h;

				if ( draw_w > target_max )
				{
					const auto s = target_max / draw_w;
					draw_w *= s;
					draw_h *= s;
				}

				if ( draw_h > sh * 0.42f )
				{
					const auto s = ( sh * 0.42f ) / draw_h;
					draw_w *= s;
					draw_h *= s;
				}

				const auto eased_scale = std::lerp( 0.92f, 1.0f, reveal );
				const float dw = draw_w * eased_scale;
				const float dh = draw_h * eased_scale;
				const auto lx = std::floor( ( sw - dw ) * 0.5f );
				const auto ly = std::floor( ( sh - dh ) * 0.5f );
				const auto img_a = static_cast< std::uint8_t >( 255.0f * reveal );

				dl.image( lx, ly, dw, dh, this->m_textures.intro_splash.resource.Get( ), xdraw::color{ 255, 255, 255, img_a } );

				anchor_x = lx;
				anchor_y = ly;
				anchor_w = dw;
				anchor_bottom = ly + dh;
				(void)anchor_y;
			}
		}

		const auto emergence = smoothstep( 0.12f, 0.65f, this->m_intro_elapsed );

		const bool has_artwork = anchor_w > 4.0f && anchor_bottom > 1.0f;

		const float pad_x = 28.0f;
		const float track_w = std::clamp( has_artwork ? anchor_w + pad_x * 2.0f : sw * 0.38f, 200.0f, sw * 0.46f );

		const float track_center_x = has_artwork ? anchor_x + anchor_w * 0.5f : sw * 0.5f;
		const float track_left = track_center_x - track_w * 0.5f;

		const float bar_start_y = has_artwork ? anchor_bottom - 6.0f : sh * 0.58f;
		const float bar_rest_y = has_artwork ? anchor_bottom + 18.0f : sh * 0.58f + 28.0f;
		const float track_y = std::lerp( bar_start_y, bar_rest_y, emergence );

		// Indeterminate progress — short loop repeats for the whole intro; scene minimum duration handled above.
		constexpr float k_bar_cycle_sec{ 1.45f };
		const float t_norm = std::fmod( this->m_intro_bar_phase, k_bar_cycle_sec ) / k_bar_cycle_sec;

		const float track_h = 8.0f;
		const float k_bar_round = track_h * 0.5f;
		const auto bar_round = xdraw::corner_radius{ k_bar_round };

		const auto track_fill_a = static_cast< std::uint8_t >( static_cast< float >( tokens::col_accent.a ) * 0.2f * emergence );
		dl.rect_filled( track_left, track_y, track_w, track_h, tokens::col_accent.alpha( track_fill_a ), bar_round );

		const float clip_x = track_left;
		const float clip_y = track_y;
		const float clip_w = track_w;
		const float clip_h = track_h;

		dl.push_clip( clip_x, clip_y, clip_w, clip_h );

		float scale_x{};
		float tx_frac{};
		if ( t_norm <= 0.4f )
		{
			const float seg_u = smoothstep( 0.0f, 1.0f, t_norm / 0.4f );
			scale_x = std::lerp( 0.0f, 0.4f, seg_u );
			tx_frac = 0.0f;
		}
		else
		{
			const float seg_u = smoothstep( 0.0f, 1.0f, ( t_norm - 0.4f ) / ( 1.0f - 0.4f ) );
			scale_x = std::lerp( 0.4f, 0.5f, seg_u );
			tx_frac = seg_u;
		}

		const float bar_w = clip_w * scale_x;
		const float bar_x = clip_x + tx_frac * clip_w;

		if ( bar_w >= 1.0f )
		{
			const float bar_r = std::min( k_bar_round, bar_w * 0.5f );
			const auto value_a = static_cast< std::uint8_t >( static_cast< float >( tokens::col_accent.a ) * emergence );

			dl.rect_filled( bar_x, clip_y, bar_w, clip_h, tokens::col_accent.alpha( value_a ), xdraw::corner_radius{ bar_r } );
		}

		dl.pop_clip( );

		return true;
	}

	void menu::draw( )
	{
		if ( this->m_last_open != this->m_open )
		{
			if ( this->m_open )
			{
				this->m_saved_relative_mouse = memory::read<std::uint8_t>( addresses::globals::input_system + 84 );
				memory::call_vfunc<void>( addresses::globals::input_system, 76, false );
				this->apply_saved_cursor( );
			}
			else
			{
				POINT pt{};
				if ( GetCursorPos( &pt ) )
				{
					this->m_saved_cursor_x = pt.x;
					this->m_saved_cursor_y = pt.y;
					this->m_has_saved_cursor = true;
				}
				memory::call_vfunc<void>( addresses::globals::input_system, 76, this->m_saved_relative_mouse != 0 );
			}
			this->m_last_open = this->m_open;
		}

		if ( !g_context.ui_assets_ready( ) )
		{
			this->draw_intro( );
			return;
		}

		if ( this->draw_intro( ) )
			return;

		xui::begin( );
		this->sync_theme_style( );
		this->try_load_user_avatar( );
		{
			const auto dt         = xdraw::delta_time( );
			const auto anim_speed = this->m_open ? 14.0f : 16.0f;
			const auto anim_tgt   = this->m_open ? 1.0f : 0.0f;
			this->m_open_anim    += ( anim_tgt - this->m_open_anim ) * std::min( anim_speed * dt, 1.0f );

			if ( this->m_open_anim < 0.01f && !this->m_open )
			{
				features::changer::skin_preview_bridge::hide_panel( );
				xui::end( );
				return;
			}

			const auto reveal = xui::ease::out_cubic( this->m_open_anim );

			const auto [screen_w, screen_h] = xdraw::viewport_size( );
			const float sw = static_cast< float >( screen_w );
			const float sh = static_cast< float >( screen_h );

			// ── Top Master Bar ──────────────────────────────────────────────
			this->draw_top_master_bar( sw, sh );

			if ( this->m_show_main )
			{
				if ( xui::begin_window( "##menu", this->m_x, this->m_y, this->m_w, this->m_h, false, 200.0f, 200.0f, reveal ) )
				{

				auto&      dl   = xui::draw::current( );
			const auto wx   = this->m_x;
			const auto wy   = this->m_y;
			const auto ww   = this->m_w;
			const auto wh   = this->m_h;

			// ── 0. Ambient drop shadow & glow ──────────────────────────────
			for ( int s_i = 5; s_i >= 1; --s_i )
			{
				const float spread = static_cast<float>( s_i ) * 3.0f;
				const std::uint8_t a = static_cast<std::uint8_t>( 0.0f * ( 6 - s_i ) * reveal );
				dl.rect_filled( wx - spread, wy - spread, ww + spread * 2.0f, wh + spread * 2.0f,
								xdraw::color{ 4, 3, 6, a }, xdraw::corner_radius{ tokens::round_md } );
			}
			dl.rect( wx - 1.0f, wy - 1.0f, ww + 2.0f, wh + 2.0f, tokens::col_accent.alpha( static_cast<std::uint8_t>( 45.0f * reveal ) ), xdraw::corner_radius{ tokens::round_lg + 2.0f }, 1.0f );

			// ── 1. Window background — rounded glass panel ──────────────────
			dl.rect_filled( wx, wy, ww, wh, tokens::col_dark, xdraw::corner_radius{ tokens::round_lg } );

			// ── 2. Title bar "FEMWARE  |  CS2" + Avatar & Cat Overlay ───────
			{
				const auto ty = wy;
				// Rounded header (top corners match the frame; bottom squared off).
				dl.rect_filled( wx, ty, ww, tokens::title_bar_h, tokens::col_title_bar, xdraw::corner_radius{ tokens::round_lg } );
				dl.rect_filled( wx, ty + tokens::title_bar_h * 0.5f, ww, tokens::title_bar_h * 0.5f, tokens::col_title_bar );
				// 1px bottom separator
				dl.rect_filled( wx, ty + tokens::title_bar_h - 1.0f, ww, 1.0f, tokens::col_line );

				// FW glowing animated logo in top left (no box, no cat overlay, crisp large display)
				constexpr float logo_w = 34.0f;
				constexpr float logo_h = 22.0f;
				const auto logo_x = wx + 8.0f;
				const auto logo_y = ty + std::floor( ( tokens::title_bar_h - logo_h ) * 0.5f );

				draw_fw_logo( dl, logo_x + logo_w * 0.5f, logo_y + logo_h * 0.5f, logo_w, logo_h, fw_logo_mode::glowing, reveal );

				// Persona name
				const auto* persona_name = steam::friends::get_persona_name( );
				const std::string_view display_name = ( persona_name && *persona_name ) ? persona_name : "User";
				const auto [nw, nh] = xdraw::measure_text( display_name );
				const auto name_x = logo_x + logo_w + 8.0f;
				const auto name_y = std::floor( ty + ( tokens::title_bar_h - nh ) * 0.5f );
				dl.text( name_x, name_y, display_name, tokens::col_text );
				dl.text( name_x + nw + 4.0f, name_y, "<3", tokens::col_accent );

				const auto [bw, bh] = xdraw::measure_text( "FEMWARE" );
				const auto [sw, sh] = xdraw::measure_text( "  |  CS2" );
				const auto total_w  = bw + sw;
				const auto tx       = std::floor( wx + ( ww - total_w ) * 0.5f );
				const auto cy       = std::floor( ty + ( tokens::title_bar_h - bh ) * 0.5f );

				dl.text( tx,      cy, "FEMWARE", tokens::col_accent );
				dl.text( tx + bw, cy, "  |  CS2", tokens::col_text_dim );

				// Top-right close button
				constexpr float cbtn_sz = 16.0f;
				const float cbtn_x = wx + ww - cbtn_sz - 10.0f;
				const float cbtn_y = ty + std::floor( ( tokens::title_bar_h - cbtn_sz ) * 0.5f );
				const auto cbtn_rect = xui::rect{ cbtn_x - 2.0f, cbtn_y - 2.0f, cbtn_sz + 4.0f, cbtn_sz + 4.0f };
				const bool cbtn_hov = xui::ctx( ).input.in_rect( cbtn_rect );
				if ( cbtn_hov && xui::ctx( ).input.mouse_clicked && !xui::ctx( ).overlay_blocking( ) )
				{
					this->m_show_main = false;
				}
				if ( cbtn_hov )
				{
					dl.rect_filled( cbtn_rect.x, cbtn_rect.y, cbtn_rect.w, cbtn_rect.h, xdraw::color{ 239, 68, 68, 70 }, xdraw::corner_radius{ tokens::round_md } );
				}
				const float ccx = cbtn_x + cbtn_sz * 0.5f;
				const float ccy = cbtn_y + cbtn_sz * 0.5f;
				const auto cross_col = cbtn_hov ? xdraw::color{ 248, 113, 113, 255 } : tokens::col_text_dim;
				dl.line( ccx - 4.0f, ccy - 4.0f, ccx + 4.0f, ccy + 4.0f, cross_col, 1.4f );
				dl.line( ccx - 4.0f, ccy + 4.0f, ccx + 4.0f, ccy - 4.0f, cross_col, 1.4f );

				// Top-right search button
				constexpr float sbtn_sz = 16.0f;
				const float sbtn_x = cbtn_x - sbtn_sz - 10.0f;
				const float sbtn_y = ty + std::floor( ( tokens::title_bar_h - sbtn_sz ) * 0.5f );
				const auto sbtn_rect = xui::rect{ sbtn_x - 3.0f, sbtn_y - 2.0f, sbtn_sz + 6.0f, sbtn_sz + 4.0f };
				const bool sbtn_hov = xui::ctx( ).input.in_rect( sbtn_rect );
				if ( sbtn_hov && xui::ctx( ).input.mouse_clicked && !xui::ctx( ).overlay_blocking( ) )
				{
					this->m_search_open = !this->m_search_open;
					if ( this->m_search_open )
						this->rebuild_search_index( );
					else
						this->close_search( );
				}
				if ( sbtn_hov )
				{
					dl.rect_filled( sbtn_rect.x, sbtn_rect.y, sbtn_rect.w, sbtn_rect.h, tokens::col_elevated.alpha( 120 ), xdraw::corner_radius{ tokens::round_md } );
				}
				if ( this->m_textures.search.resource )
				{
					const auto icon_col = this->m_search_open ? tokens::col_accent : ( sbtn_hov ? tokens::col_text : tokens::col_text_dim );
					dl.image( sbtn_x, sbtn_y, sbtn_sz, sbtn_sz, this->m_textures.search.resource.Get( ), icon_col );
				}
			}

			// ── 3. Main tab bar ─────────────────────────────────────────────
			const auto tab_y = wy + tokens::title_bar_h;
			this->draw_linoria_tab_bar( wx, tab_y, ww );

			// ── 4. Sub-tab bar (if current tab has subtabs) ─────────────────
			const auto stab_y = tab_y + tokens::tab_bar_h;
			const auto& def   = k_subtab_defs[ this->m_tab ];
			if ( def.count > 1 )
				this->draw_linoria_subtab_bar( wx, stab_y, ww );

			// ── 5. accent top-edge line (inset so it follows the rounded frame)
			dl.rect_filled( wx + tokens::round_lg, wy + 1.0f, ww - tokens::round_lg * 2.0f, 2.0f,
				tokens::col_accent.alpha( static_cast<std::uint8_t>( tokens::col_accent.a * reveal ) ),
				xdraw::corner_radius{ 1.0f } );

			// ── 6. Content area ─────────────────────────────────────────────
			constexpr float status_bar_h = 24.0f;
			const auto stabs_used = ( def.count > 1 ) ? tokens::subtab_bar_h : 0.0f;
			const auto body_y     = stab_y + stabs_used + tokens::gap;
			const auto body_h     = wh - tokens::title_bar_h - tokens::tab_bar_h
			                        - stabs_used - status_bar_h - tokens::gap * 2.0f;
			const auto body_x     = wx + tokens::gap;
			const auto body_w     = ww - tokens::gap * 2.0f;
			const auto col_w      = ( body_w - tokens::col_gap ) * 0.5f;

			this->m_body_x = body_x;
			this->m_body_y = body_y;
			this->m_body_w = body_w;
			this->m_body_h = body_h;

			xui::layout::set_cursor( body_x - wx, body_y - wy );

			if ( this->m_search_open )
			{
				xui::ctx( ).inside_overlay = xui::fnv1a( "menu_search_mode" );
				this->draw_search_results( body_x, body_y, body_w, body_h );
				xui::ctx( ).inside_overlay = xui::null_id;
				xui::end_window( );
				xui::end( );
				return;
			}

			switch ( this->m_tab )
			{
			case 0: this->draw_ragebot  ( col_w ); break;
			case 1: this->draw_legitbot ( col_w ); break;
			case 2: this->draw_player   ( col_w ); break;
			case 3: this->draw_world    ( col_w ); break;
			case 4: this->draw_misc     ( col_w ); break;
			case 5: this->draw_config   ( col_w ); break;
			}

			// ── 7. Bottom Status Bar ─────────────────────────────────────────
			this->draw_status_bar( wx, wy + wh - status_bar_h, ww, status_bar_h );

				xui::end_window( );
			}
		}

		if ( this->m_show_lua )
		{
			this->draw_lua_studio( sw, sh );
		}

		if ( this->m_show_lua_console )
		{
			this->draw_lua_console( sw, sh );
		}

		if ( this->m_show_docs )
		{
			this->draw_documentation( sw, sh );
		}

		if ( this->m_show_players )
		{
			this->draw_players_inspector( sw, sh );
		}

		if ( this->m_show_skins )
		{
			this->draw_skin_changer( sw, sh );
		}
		else
		{
			features::changer::skin_preview_bridge::hide_panel( );
		}
	}
	xui::end( );
	}

	void menu::shutdown( ) const
	{
		if ( this->m_open )
		{
			memory::call_vfunc<void>( addresses::globals::input_system, 76, this->m_saved_relative_mouse != 0 );
		}
	}

	void menu::apply_saved_cursor( )
	{
		if ( !this->m_has_saved_cursor )
		{
			return;
		}

		const auto vx = GetSystemMetrics( SM_XVIRTUALSCREEN );
		const auto vy = GetSystemMetrics( SM_YVIRTUALSCREEN );
		const auto vw = GetSystemMetrics( SM_CXVIRTUALSCREEN );
		const auto vh = GetSystemMetrics( SM_CYVIRTUALSCREEN );

		const auto x = std::clamp( this->m_saved_cursor_x, vx, vx + std::max( 1, vw ) - 1 );
		const auto y = std::clamp( this->m_saved_cursor_y, vy, vy + std::max( 1, vh ) - 1 );

		SetCursorPos( x, y );
		SetCursor( LoadCursor( nullptr, IDC_ARROW ) );
	}
	// ─────────────────────────────────────────────────────────────────────────
	//  LinoriaLib-style main tab bar
	//  Full-width row of text tabs. Active = accent text + 2px bottom line.
	//  Inactive = dim text. 1px separator line at bottom.
	// ─────────────────────────────────────────────────────────────────────────
	void menu::draw_linoria_tab_bar( float x, float y, float w )
	{
		static constexpr const char* k_tab_names[] = {
			"Rage", "Legit", "Player", "World", "Misc", "Config"
		};
		static constexpr int k_tab_count = 6;

		auto& dl              = xui::draw::current( );
		const auto& inp       = xui::ctx( ).input;
		const auto bar_h      = tokens::tab_bar_h;

		// Background
		dl.rect_filled( x, y, w, bar_h, tokens::col_title_bar );
		// Bottom separator
		dl.rect_filled( x, y + bar_h - 1.0f, w, 1.0f, tokens::col_border );

		const auto btn_w = w / static_cast<float>( k_tab_count );

		// Smoothly lerp sliding indicator to active tab
		const float target_ind_x = x + btn_w * static_cast<float>( this->m_tab );
		const float target_ind_w = btn_w;
		const float dt = xdraw::delta_time( );
		if ( this->m_tab_indicator_x < 0.0f )
		{
			this->m_tab_indicator_x = target_ind_x;
			this->m_tab_indicator_w = target_ind_w;
		}
		else
		{
			this->m_tab_indicator_x += ( target_ind_x - this->m_tab_indicator_x ) * std::min( 22.0f * dt, 1.0f );
			this->m_tab_indicator_w += ( target_ind_w - this->m_tab_indicator_w ) * std::min( 22.0f * dt, 1.0f );
		}

		// Active tab: soft light pill (reference style, not a neon accent fill)
		dl.rect_filled( this->m_tab_indicator_x + 2.0f, y + 3.0f, this->m_tab_indicator_w - 4.0f, bar_h - 6.0f,
			xdraw::color{ 255, 255, 255, 34 }, xdraw::corner_radius{ 7.0f } );

		for ( auto i = 0; i < k_tab_count; ++i )
		{
			const auto bx      = x + btn_w * static_cast<float>( i );
			const auto btn     = xui::rect{ bx, y, btn_w, bar_h };
			const auto hovered = inp.in_rect( btn );
			const auto active  = ( this->m_tab == i );

			// Click
			if ( hovered && inp.mouse_clicked && !xui::ctx( ).overlay_blocking( ) )
			{
				this->m_tab    = i;
				this->m_subtab = 0;
			}

			// Hover fill
			const auto hover_a = xui::anim::lerp( xui::fnv1a( "ltab_hov" ) + i,
				( hovered && !active ) ? 1.0f : 0.0f, 14.0f );
			if ( hover_a > 0.01f )
				dl.rect_filled( bx, y, btn_w, bar_h,
					tokens::col_elevated.alpha( static_cast<std::uint8_t>( 80.0f * hover_a ) ) );

			// Label & Icon
			const auto [tw, th] = xdraw::measure_text( k_tab_names[ i ] );
			const auto act_a = xui::anim::lerp( xui::fnv1a( "ltab_act" ) + i, active ? 1.0f : 0.0f, 14.0f );
			const auto text_col = xui::lerp( tokens::col_text_dim, tokens::col_accent, act_a );
			constexpr float icon_sz = 14.0f;
			constexpr float icon_gap = 5.0f;
			const bool has_icon = ( this->m_textures.tabs[ i ].resource != nullptr );
			const float total_content_w = has_icon ? ( icon_sz + icon_gap + tw ) : tw;
			const float start_x = std::floor( bx + ( btn_w - total_content_w ) * 0.5f );
			const float label_y = std::floor( y + ( bar_h - th ) * 0.5f );

			if ( has_icon )
			{
				const float icon_y = std::floor( y + ( bar_h - icon_sz ) * 0.5f );
				dl.image( start_x, icon_y, icon_sz, icon_sz, this->m_textures.tabs[ i ].resource.Get( ), text_col );
				dl.text( start_x + icon_sz + icon_gap, label_y, k_tab_names[ i ], text_col );
			}
			else
			{
				dl.text( start_x, label_y, k_tab_names[ i ], text_col );
			}

			// Divider between tabs (skip first)
			if ( i > 0 )
				dl.rect_filled( bx, y + 4.0f, 1.0f, bar_h - 8.0f, tokens::col_line );
		}
	}

	// ─────────────────────────────────────────────────────────────────────────
	//  LinoriaLib-style subtab bar (second row, same pattern but smaller)
	// ─────────────────────────────────────────────────────────────────────────
	void menu::draw_linoria_subtab_bar( float x, float y, float w )
	{
		auto& dl         = xui::draw::current( );
		const auto& inp  = xui::ctx( ).input;
		const auto bar_h = tokens::subtab_bar_h;
		const auto& def  = k_subtab_defs[ this->m_tab ];
		const auto count = def.count;

		if ( count <= 1 )
			return;

		// Background — slightly lighter than title bar
		dl.rect_filled( x, y, w, bar_h, tokens::col_card );
		// Bottom separator
		dl.rect_filled( x, y + bar_h - 1.0f, w, 1.0f, tokens::col_border );

		const auto btn_w = w / static_cast<float>( count );

		// Smoothly lerp sliding indicator to active subtab
		const float target_sub_x = x + btn_w * static_cast<float>( this->m_subtab );
		const float target_sub_w = btn_w;
		const float dt = xdraw::delta_time( );
		if ( this->m_subtab_indicator_x < 0.0f )
		{
			this->m_subtab_indicator_x = target_sub_x;
			this->m_subtab_indicator_w = target_sub_w;
		}
		else
		{
			this->m_subtab_indicator_x += ( target_sub_x - this->m_subtab_indicator_x ) * std::min( 22.0f * dt, 1.0f );
			this->m_subtab_indicator_w += ( target_sub_w - this->m_subtab_indicator_w ) * std::min( 22.0f * dt, 1.0f );
		}

		// Active sub-tab: faint light pill
		dl.rect_filled( this->m_subtab_indicator_x + 2.0f, y + 3.0f, this->m_subtab_indicator_w - 4.0f, bar_h - 6.0f,
			xdraw::color{ 255, 255, 255, 18 }, xdraw::corner_radius{ 6.0f } );

		char upper[ 32 ]{};
		for ( auto i = 0; i < count; ++i )
		{
			const auto bx      = x + btn_w * static_cast<float>( i );
			const auto btn     = xui::rect{ bx, y, btn_w, bar_h };
			const auto hovered = inp.in_rect( btn );
			const auto active  = ( this->m_subtab == i );

			if ( hovered && inp.mouse_clicked && !xui::ctx( ).overlay_blocking( ) )
				this->m_subtab = i;

			const auto act_a = xui::anim::lerp( xui::fnv1a( "lstab_act" ) + i + this->m_tab * 16,
				active ? 1.0f : 0.0f, 14.0f );
			const auto hov_a = xui::anim::lerp( xui::fnv1a( "lstab_hov" ) + i + this->m_tab * 16,
				( hovered && !active ) ? 1.0f : 0.0f, 14.0f );

			if ( hov_a > 0.01f )
				dl.rect_filled( bx, y, btn_w, bar_h,
					tokens::col_elevated.alpha( static_cast<std::uint8_t>( 60.0f * hov_a ) ) );

			// Uppercase name
			auto len = 0;
			while ( def.names[ i ][ len ] && len < 31 )
			{
				const auto c = def.names[ i ][ len ];
				upper[ len ] = ( c >= 'a' && c <= 'z' ) ? static_cast<char>( c - 32 ) : c;
				++len;
			}
			upper[ len ] = '\0';

			const auto [tw, th] = xdraw::measure_text( upper );
			const auto tx = std::floor( bx + ( btn_w - tw ) * 0.5f );
			const auto ty = std::floor( y  + ( bar_h - th ) * 0.5f );
			dl.text( tx, ty, upper, xui::lerp( tokens::col_text_dim, tokens::col_accent, act_a ) );

			if ( i > 0 )
				dl.rect_filled( bx, y + 3.0f, 1.0f, bar_h - 6.0f, tokens::col_line );
		}
	}

	void menu::draw_status_bar( float x, float y, float w, float h )
	{
		auto& dl = xui::draw::current( );

		// 1. Background (rounded bottom so it doesn't square off the window's corners)
		dl.rect_filled( x, y, w, h, tokens::col_title_bar, xdraw::corner_radius{ 0.0f, 0.0f, tokens::round_lg, tokens::round_lg } );
		// Top border
		dl.rect_filled( x, y, w, 1.0f, tokens::col_border );

		// Status information
		const auto local = systems::g_local.get( );
		const bool in_game = local.is_valid( );

		// Status pill in bottom-left
		constexpr float dot_sz = 6.0f;
		const float dot_x = x + 10.0f;
		const float dot_y = y + ( h - dot_sz ) * 0.5f;
		const auto status_col = in_game ? xdraw::color{ 74, 222, 128, 255 } : tokens::col_accent;
		dl.rect_filled( dot_x, dot_y, dot_sz, dot_sz, status_col, xdraw::corner_radius{ tokens::round_md } );

		const char* status_text = in_game ? "IN-GAME" : "READY";
		const auto [stw, sth] = xdraw::measure_text( status_text );
		dl.text( dot_x + dot_sz + 6.0f, y + ( h - sth ) * 0.5f, status_text, tokens::col_text_dim );

		// Realtime FPS
		const auto fps = xdraw::framerate( );
		char fps_buf[ 32 ]{};
		std::snprintf( fps_buf, sizeof( fps_buf ), "%.0f FPS", fps );
		const auto [fw, fh] = xdraw::measure_text( fps_buf );
		const float fps_x = dot_x + dot_sz + 6.0f + stw + 16.0f;
		dl.text( fps_x, y + ( h - fh ) * 0.5f, fps_buf, tokens::col_text );

		// Ping if in game
		if ( in_game && local.is_alive && local.controller && systems::g_entities.exists( local.controller ) )
		{
			const auto ping = memory::read<std::uint32_t>( local.controller + SCHEMA( "CCSPlayerController", "m_iPing"_hash ) );
			char ping_buf[ 32 ]{};
			std::snprintf( ping_buf, sizeof( ping_buf ), "%u ms", ping );
			const auto [pw, ph] = xdraw::measure_text( ping_buf );
			dl.text( fps_x + fw + 14.0f, y + ( h - ph ) * 0.5f, ping_buf, tokens::col_text_dim );
		}

		// Center: current tab & subtab path
		static constexpr const char* k_tab_names[] = {
			"Rage", "Legit", "Player", "World", "Skins", "Misc", "Config"
		};
		char path_buf[ 64 ]{};
		const auto& def = k_subtab_defs[ this->m_tab ];
		if ( def.count > 1 && this->m_subtab < def.count )
		{
			std::snprintf( path_buf, sizeof( path_buf ), "%s  /  %s", k_tab_names[ this->m_tab ], def.names[ this->m_subtab ] );
		}
		else
		{
			std::snprintf( path_buf, sizeof( path_buf ), "%s", k_tab_names[ this->m_tab ] );
		}
		const auto [path_w, path_h] = xdraw::measure_text( path_buf );
		dl.text( std::floor( x + ( w - path_w ) * 0.5f ), y + ( h - path_h ) * 0.5f, path_buf, tokens::col_accent );
	}

	void menu::try_load_user_avatar( )
	{
		if ( this->m_textures.user.resource )
		{
			return;
		}

		this->m_user_avatar_retry_delay -= xdraw::delta_time( );
		if ( this->m_user_avatar_retry_delay > 0.0f )
		{
			return;
		}
		this->m_user_avatar_retry_delay = 1.0f;

		const auto steam_id = steam::user::get_steam_id( );
		if ( steam_id )
		{
			const auto image = steam::friends::get_medium_friend_avatar( steam_id );
			if ( image > 0 )
			{
				std::uint32_t width{}, height{};
				if ( steam::utils::get_image_size( image, &width, &height ) && width && height )
				{
					std::vector<std::uint8_t> rgba( width * height * 4 );
					if ( steam::utils::get_image_rgba( image, rgba.data( ), static_cast< int >( rgba.size( ) ) ) )
					{
						this->m_textures.user.resource = xdraw::create_srv_from_rgba( rgba.data( ), static_cast< int >( width ), static_cast< int >( height ) );
						this->m_textures.user.width = static_cast< int >( width );
						this->m_textures.user.height = static_cast< int >( height );
					}
				}
			}
		}

		if ( !this->m_textures.user.resource )
		{
			this->m_textures.user.resource = xdraw::load_texture(
				std::span<const std::byte>( reinterpret_cast<const std::byte*>( images::user ), sizeof( images::user ) ),
				&this->m_textures.user.width, &this->m_textures.user.height );
		}
	}

	void menu::sync_theme_style( ) const
	{
		auto& style = xui::ctx( ).style;
		style.window_bg = tokens::col_elevated.alpha( 205 );
		// ── window / child panels (semi-transparent "glass") ───────────────
		style.window_bg           = xdraw::color{ tokens::col_dark.r, tokens::col_dark.g, tokens::col_dark.b, 236 };
		style.window_border       = tokens::col_group_border;
		style.child_bg            = xdraw::color{ tokens::col_card.r, tokens::col_card.g, tokens::col_card.b, 208 };
		style.child_border        = tokens::col_group_border;

		// ── checkbox — small square, accent fill ───────────────────────────
		style.checkbox_size       = 15.0f;
		style.checkbox_bg         = tokens::col_dark;
		style.checkbox_border     = tokens::col_border;
		style.checkbox_mark       = tokens::col_checkbox_on;
		style.checkbox_mark_icon  = tokens::col_dark;

		// ── slider — flat track ────────────────────────────────────────────
		style.slider_h            = 6.0f;
		style.slider_track        = tokens::col_slider_bg;
		style.slider_fill         = tokens::col_slider_fill;

		// ── buttons ────────────────────────────────────────────────────────
		style.button_bg           = tokens::col_card;
		style.button_border       = tokens::col_border;
		style.button_hovered      = tokens::col_elevated;
		style.button_active       = tokens::col_accent;

		// ── keybind ────────────────────────────────────────────────────────
		style.keybind_bg          = tokens::col_dark;
		style.keybind_border      = tokens::col_border;
		style.keybind_waiting     = tokens::col_accent;

		// ── combo / dropdown ───────────────────────────────────────────────
		style.combo_bg            = tokens::col_dark;
		style.combo_border        = tokens::col_border;
		style.combo_arrow         = tokens::col_text_dim;
		style.combo_hovered       = tokens::col_elevated;
		style.combo_popup_bg      = tokens::col_elevated;
		style.combo_popup_border  = tokens::col_border;
		style.combo_popup_item_hovered  = tokens::col_elevated.alpha( 200 );
		style.combo_popup_item_selected = tokens::col_accent.alpha( 46 );

		// ── popups / pickers ───────────────────────────────────────────────
		style.popup_bg            = tokens::col_elevated;
		style.popup_border        = tokens::col_border;
		style.picker_bg           = tokens::col_card;
		style.picker_border       = tokens::col_border;
		style.picker_popup_bg     = tokens::col_elevated;
		style.picker_popup_border = tokens::col_border;

		// ── text input ─────────────────────────────────────────────────────
		style.text_input_bg       = tokens::col_card;
		style.text_input_border   = tokens::col_border;

		// ── misc ───────────────────────────────────────────────────────────
		style.separator           = tokens::col_accent.alpha( 26 );
		style.text                = tokens::col_text;
		style.text_dim            = tokens::col_text_dim;
		style.accent              = tokens::col_accent;

		// ── rounded, soft modern aesthetic ─────────────────────────────────
		style.rounding               = 12.0f;  // window / child panels
		style.checkbox_rounding      = 5.0f;
		style.slider_rounding        = 3.5f;   // pill track
		style.button_rounding        = 8.0f;
		style.keybind_rounding       = 6.0f;
		style.combo_rounding         = 8.0f;
		style.popup_rounding         = 10.0f;
		style.combo_popup_rounding   = 8.0f;
		style.picker_popup_rounding  = 10.0f;
		style.color_swatch_rounding  = 5.0f;
		style.text_input_rounding    = 8.0f;
		// Reference style is borderless — definition comes from layered fills.
		style.border_thickness       = 0.0f;
	}

	// ─────────────────────────────────────────────────────────────────────────
	//  Theme preset — sets all derived accent tokens from the theme palette.
	//  0=FemWare  1=Catppuccin  2=Coffee  3=Tokyo Night
	// ─────────────────────────────────────────────────────────────────────────
	void menu::apply_theme_preset( int preset )
	{
		const auto& th  = settings::g_cheat.m_theme;
		const auto  pal = static_cast< settings::theme::palette >( std::clamp( preset, 0, 3 ) );
		const auto  flav = th.flavor.value;

		const auto to_u8 = []( float v, float a = 1.0f ) -> std::uint8_t
		{
			return static_cast< std::uint8_t >( std::clamp( v, 0.0f, 1.0f ) * std::clamp( a, 0.0f, 1.0f ) * 255.0f );
		};

		const auto t = th.palette_for( pal, settings::theme::role::text, flav );
		const auto a = th.palette_for( pal, settings::theme::role::accent, flav );
		const auto b = th.palette_for( pal, settings::theme::role::background, flav );
		const auto s = th.palette_for( pal, settings::theme::role::subtext, flav );

		const auto ar = to_u8( a.r ), ag = to_u8( a.g ), ab = to_u8( a.b );
		const auto tr = to_u8( t.r ), tg = to_u8( t.g ), tb = to_u8( t.b );
		const auto sr = to_u8( s.r ), sg = to_u8( s.g ), sb = to_u8( s.b );

		const auto lighten = []( std::uint8_t v, int d ) -> std::uint8_t
		{
			return static_cast< std::uint8_t >( std::clamp( ( int )v + d, 0, 255 ) );
		};

		const auto br = to_u8( b.r ), bg = to_u8( b.g ), bb = to_u8( b.b );

		// Primary accent + white-blended gradient end.
		tokens::col_accent       = { ar, ag, ab, 255 };
		tokens::col_accent_2     = { lighten( ar, ( 255 - ( int )ar ) / 2 ),
		                             lighten( ag, ( 255 - ( int )ag ) / 2 ),
		                             lighten( ab, ( 255 - ( int )ab ) / 2 ), 255 };

		// Translucent glass surfaces derived from the palette background.
		tokens::col_dark         = { br, bg, bb, to_u8( b.a ) };
		tokens::col_title_bar    = { lighten( br, 4 ), lighten( bg, 4 ), lighten( bb, 5 ), 240 };
		tokens::col_card         = { lighten( br, 12 ), lighten( bg, 12 ), lighten( bb, 14 ), 205 };
		tokens::col_elevated     = { lighten( br, 24 ), lighten( bg, 24 ), lighten( bb, 28 ), 235 };
		tokens::col_tab_bg       = tokens::col_card;
		tokens::col_slider_bg    = { 255, 255, 255, 24 };

		// Accent reserved for active / selected elements only.
		tokens::col_tab_active   = { ar, ag, ab, 255 };
		tokens::col_checkbox_on  = { ar, ag, ab, 255 };
		tokens::col_slider_fill  = { ar, ag, ab, 255 };

		// Subtle neutral borders/separators everywhere (no tinted boxes).
		tokens::col_border       = { 255, 255, 255, 22 };
		tokens::col_group_border = { 255, 255, 255, 16 };
		tokens::col_line         = { 255, 255, 255, 12 };
		tokens::col_edge         = { 255, 255, 255, 30 };

		// Text — palette text / subtext.
		tokens::col_text         = { tr, tg, tb, 245 };
		tokens::col_text_dim     = { sr, sg, sb, 255 };

		// HUD widgets that keep saved colors must follow the theme accent too,
		// otherwise switching presets leaves the media player card, its lyrics
		// highlight and the audio visualizer stuck on a stale hue.
		const xdraw::color theme_accent{ ar, ag, ab, 255 };
		settings::g_misc.m_media_player.accent_color = theme_accent;
		settings::g_misc.m_media_player.lyrics_highlight = theme_accent;
		settings::g_misc.m_spectrum.color = theme_accent;

		// Grenade timers draw with saved colors the same way the media player
		// does, so a theme switch must retint them too: the smoke timer body and
		// the landing / fire-perimeter arcs are surface accents. The smoke
		// timer's "warning (<3s)" hue stays red on purpose (semantic alert, not
		// decoration) and the grenade-type icon stays white for legibility.
		auto& proj_overlay = settings::g_esp.m_projectile.m_overlay;
		proj_overlay.m_smoke_timer.color = theme_accent;
		for ( auto& g : proj_overlay.m_indicator.groups )
		{
			g.arc_color = theme_accent;
		}
	}

	void menu::apply_custom_accent( xdraw::color col )
	{
		tokens::col_accent       = col;
		tokens::col_group_border = col.alpha( 90 );
		tokens::col_edge         = col.alpha( 60 );
		tokens::col_tab_active   = col;
		tokens::col_checkbox_on  = col;
		tokens::col_slider_fill  = col;
		this->sync_theme_style( );
	}

} // namespace rendering
